date,country,location_name,temperature_celsius,feels_like_celsius,wind_kph,pressure_mb,precip_mm,humidity,cloud,visibility_km,uv_index,air_quality_PM2.5,air_quality_PM10,anomaly_score
2024-12-30,Uzbekistan,Tashkent,4.2,1.5,10.8,1024.0,0.05,87.0,100.0,1.3,0.4,57.10000000000001,86.6625,-0.06588435530436965
2025-05-05,Oman,Muscat,42.4,44.5,29.2,1003.0,0.0,18.0,0.0,10.0,10.2,57.10000000000001,86.6625,-0.028172070365242496
2024-06-11,Qatar,Doha,39.4,48.0,11.2,1001.0,0.0,51.0,0.0,8.0,9.0,44.8,86.6625,-0.018573840129852304
2026-03-02,Canada,Ottawa,-2.099999999999996,-5.450000000000003,3.6,1030.0,0.0,70.0,0.0,24.0,0.0,8.15,8.75,-0.007984056511403548
2024-05-30,Saudi Arabia,Riyadh,44.0,46.2,6.8,1007.0,0.0,5.0,0.0,10.0,10.0,49.6,86.6625,-0.011024001634482139
2025-05-11,Bangladesh,Dhaka,41.5,42.2,6.1,1001.0,0.05,20.0,80.0,10.0,2.5,57.10000000000001,86.6625,-0.06120429018950024
2024-12-23,North Korea,Pyongyang,-2.099999999999996,-5.450000000000003,7.6,1026.0,0.0,59.0,0.0,10.0,0.0,57.10000000000001,86.6625,-0.004103272819725112
2026-01-20,Canada,Ottawa,-2.099999999999996,-5.450000000000003,31.3,1011.0,0.0,72.0,75.0,16.0,0.0,1.65,1.75,-0.020380378747444694
2024-12-13,Croatia,Zagreb,1.3,0.6,3.6,1030.0,0.0,93.0,100.0,8.0,1.1,57.10000000000001,69.745,-0.0073607408873077596
2025-01-24,Marshall Islands,Majuro,28.4,33.4,34.85000000000001,1009.0,0.05,79.0,75.0,24.0,0.0,22.2,33.855,-0.0051776371617425765
2025-07-13,Kuwait,Kuwait City,45.2,49.2,7.9,999.0,0.0,8.0,0.0,10.0,9.7,57.10000000000001,86.6625,-0.04115661362437828
2024-12-28,Madagascar,Ivory,37.4,37.7,3.6,1010.0,0.05,25.0,83.0,5.0,11.2,8.88,10.545,-0.009610481464240817
2024-07-24,Guatemala,Guatemala City,16.0,16.1,4.7,1019.0,0.0,98.0,100.0,0.0,4.0,56.7,86.6625,-0.004378343704069754
2024-10-11,Myanmar,Yangon,31.6,38.2,3.6,1006.0,0.05,67.0,89.0,9.0,0.9,50.875,73.815,-0.003784396361572795
2025-05-27,Qatar,Doha,43.0,44.6,23.4,1001.0,0.0,7.0,0.0,10.0,10.5,57.10000000000001,86.6625,-0.04063459123697599
2025-01-31,Canada,Ottawa,-2.099999999999996,-5.450000000000003,3.6,1012.0,0.0,85.0,100.0,24.0,0.0,34.78,36.63,-0.002795820622730316
2025-07-13,Iraq,Baghdad,44.2,46.6,6.8,1000.0,0.0,14.0,0.0,6.0,9.7,57.10000000000001,86.6625,-0.05586325758820099
2024-12-20,Russia,Moscow,1.8,-2.6,17.6,1001.0,0.0,99.0,100.0,10.0,0.2,57.10000000000001,72.705,-0.028719748364874675
2025-05-24,Indonesia,Jakarta,30.2,35.4,13.3,1005.0,0.05,75.0,75.0,9.0,3.2,57.10000000000001,86.6625,-0.0012865641926598226
2025-06-28,Saudi Arabia,Riyadh,42.1,43.1,6.8,1004.0,0.0,5.0,0.0,10.0,10.8,57.10000000000001,86.6625,-0.01914521018266291
2025-01-25,Russia,Moscow,0.3,-3.9,14.0,1020.0,0.0,86.0,100.0,10.0,0.3,57.10000000000001,86.6625,-0.013001218456485941
2026-06-10,India,New Delhi,38.0,46.5,16.6,1001.0,0.0,45.0,0.0,7.0,9.8,57.10000000000001,86.6625,-0.024525965945689232
2025-12-30,Iran,Tehran,1.1,-5.4,33.5,1009.0,0.0,55.0,25.0,10.0,1.5,57.10000000000001,74.85,-0.0006312312930774056
2024-07-20,Macedonia,Skopje,39.3,48.6,13.0,1007.0,0.05,26.0,25.0,10.0,7.0,5.3,5.4,-0.0042277001719618346
2025-01-17,Serbia,Belgrade,-2.0,-3.1,3.6,1030.0,0.0,86.0,100.0,7.0,1.3,57.10000000000001,86.6625,-0.04834868223011313
2025-08-19,Oman,Muscat,35.2,46.3,23.0,1001.0,0.0,63.0,75.0,10.0,11.0,57.10000000000001,86.6625,-0.03178496673699194
2025-08-25,Russia,Moscow,13.3,11.2,24.5,1004.0,0.05,72.0,75.0,10.0,3.3,57.10000000000001,83.805,-0.025271744713378785
2025-02-26,Croatia,Zagreb,9.2,9.4,3.6,1015.0,0.05,93.0,100.0,3.0,0.3,57.10000000000001,62.53,-0.004643708612281583
2024-07-31,Qatar,Doha,36.2,44.8,21.2,998.0,0.0,52.0,17.0,10.0,9.0,57.10000000000001,86.6625,-0.0116100297955265
2024-08-06,Pakistan,Islamabad,32.4,38.6,5.4,998.0,0.05,61.0,73.0,10.0,7.0,57.10000000000001,86.6625,-0.03023336404435839
2024-06-28,Kuwait,Kuwait City,45.89999999999999,48.2,19.1,998.0,0.0,4.0,75.0,9.7,10.0,12.5,64.1,-0.024532425809747127
2024-06-17,Saudi Arabia,Riyadh,42.1,43.1,21.2,1002.0,0.0,6.0,0.0,10.0,10.0,23.8,60.6,-0.0011101916529661082
2026-04-20,Canada,Ottawa,0.1,-4.1,14.0,1016.0,0.0,74.0,100.0,24.0,0.0,3.65,4.35,-0.0010534876038421626
2025-12-17,Bulgaria,Lom,-1.6,-2.6,3.6,1028.0,0.0,100.0,60.0,0.2,0.2,45.75,47.05,-0.020694824128067002
2025-06-23,Bahrain,Manama,37.0,39.0,24.1,998.0,0.0,37.0,0.0,10.0,11.8,57.10000000000001,86.6625,-0.002015439091203275
2026-05-10,Cambodia,Phnom Penh,36.0,39.7,4.3,1007.0,0.05,39.0,63.0,5.0,11.1,57.10000000000001,86.6625,-0.059064382754682065
2024-08-30,Qatar,Doha,43.2,47.8,22.0,998.0,0.0,24.0,0.0,10.0,10.0,34.4,86.6625,-0.010913594298737617
2025-02-14,Russia,Moscow,-2.099999999999996,-5.450000000000003,6.1,1011.0,0.01,73.0,75.0,9.0,0.8,57.10000000000001,86.6625,-0.002338880547601896
2026-01-28,Jordan,Amman,9.3,5.6,31.0,1015.0,0.0,50.0,0.0,4.0,1.2,35.05,86.6625,-0.00872464064340328
2025-07-25,India,New Delhi,35.0,36.8,12.2,998.0,0.0,60.0,50.0,5.0,6.3,57.10000000000001,86.6625,-0.00034267513062635757
2024-11-12,Poland,Warsaw,1.0,0.3,3.6,1030.0,0.0,93.0,75.0,5.0,0.6,57.10000000000001,86.6625,-0.025441439259106136
2025-07-16,Kyrghyzstan,Bishkek,35.3,33.6,12.2,1003.0,0.05,16.0,73.0,10.0,8.5,45.88,50.32,-0.0034867415966628457
2024-07-23,Qatar,Doha,42.9,44.6,23.0,998.0,0.0,20.0,0.0,10.0,10.0,20.5,66.3,-0.002596908879260895
2026-01-10,Iran,Tehran,8.0,7.4,5.4,1014.0,0.04,39.0,100.0,6.0,1.3,57.10000000000001,86.6625,-0.02466153326496201
2026-02-02,Hungary,Bogot,-1.0,-3.8,7.6,1010.0,0.02,100.0,100.0,0.3,0.1,24.65,25.25,-0.001906324521315117
2025-03-11,Chad,N'djamena,38.3,37.5,31.0,1012.0,0.0,9.0,0.0,6.0,7.2,56.425,86.6625,-0.02076682556773768
2026-01-23,Bosnia and Herzegovina,Sarajevo,-1.8,-4.0,5.8,1003.0,0.0,100.0,75.0,1.2,0.1,45.45,49.55,-0.010733798194494715
2024-12-02,Russia,Moscow,-0.7,-4.6,11.9,1023.0,0.0,93.0,100.0,10.0,0.4,57.10000000000001,73.075,-0.008614090100042326
2025-04-15,Iran,Chi Chi Khvar,7.4,3.0,31.7,1010.0,0.05,54.0,82.0,5.0,8.3,10.73,36.445,-0.020359220874995088
2025-06-26,Kuwait,Kuwait City,40.1,40.1,23.8,999.0,0.0,16.0,0.0,10.0,10.7,57.10000000000001,86.6625,-0.019361916072435648
2025-01-11,Croatia,Zagreb,-2.0,-3.1,3.6,1021.0,0.0,100.0,75.0,2.0,1.0,57.10000000000001,71.595,-0.033118260767534435
2025-01-18,Bulgaria,Sofia,-2.099999999999996,-5.1,3.6,1030.0,0.0,93.0,100.0,1.7,1.9,57.10000000000001,65.675,-0.06469091767309942
2024-12-13,Madagascar,Ivory,38.8,39.9,3.6,1007.0,0.03,25.0,85.0,10.0,11.9,7.215,8.695,-0.016627963569272097
2024-07-05,Iraq,Baghdad,45.89999999999999,50.3,34.85000000000001,998.0,0.0,6.0,0.0,10.0,11.0,23.2,86.6625,-0.042427098528117324
2025-02-17,Romania,Bucharest,-2.099999999999996,-5.450000000000003,22.3,1024.0,0.05,86.0,100.0,1.1,1.2,22.385,23.865,-0.03295887745981407
2025-01-23,Hungary,Budapest,1.2,-2.0,10.4,1013.0,0.05,93.0,100.0,9.0,0.1,57.10000000000001,79.55,-0.02236029132705719
2026-03-25,Iran,Tehran,10.4,9.3,9.0,1005.0,0.05,79.0,100.0,2.0,0.4,57.10000000000001,86.6625,-0.019419890247202365
2025-02-12,Iceland,Vestmannaeyjar,6.0,-0.6,34.85000000000001,1023.0,0.05,93.0,100.0,4.0,0.0,6.426,26.441,-0.0016861174381376243
2025-01-19,Bulgaria,Sofia,-2.099999999999996,-5.450000000000003,3.6,1029.0,0.0,100.0,100.0,1.5,1.8,57.10000000000001,86.6625,-0.08378416232176056
2025-02-11,Slovenia,Ljubljana,3.1,2.6,3.6,1027.0,0.05,75.0,100.0,8.0,0.3,47.175,53.465,-0.0005793086772795109
2026-01-23,Hungary,Bogot,-2.099999999999996,-5.2,6.5,1004.0,0.0,93.0,100.0,3.0,0.1,42.45,45.75,-0.011066228906105313
2025-02-06,Russia,Moscow,-0.9,-4.2,9.4,1030.0,0.0,69.0,75.0,10.0,0.5,57.10000000000001,86.6625,-0.021371724079225496
2024-05-16,India,New Delhi,42.0,43.0,11.2,1008.0,0.0,13.0,0.0,4.0,10.0,25.4,64.0,-0.00036694298029504857
2025-05-26,Kuwait,Kuwait City,42.3,43.5,28.1,1003.0,0.0,6.0,0.0,9.0,10.6,57.10000000000001,86.6625,-0.03900982173825063
2025-03-07,Kyrghyzstan,Bishkek,2.8,-1.6,19.1,1014.0,0.05,92.0,100.0,2.0,1.0,37.925,54.39,-0.023018055712485164
2024-07-31,Saudi Arabia,Riyadh,43.5,45.4,25.6,998.0,0.0,7.0,6.0,10.0,10.0,12.4,45.8,-0.029315929540939423
2025-05-29,United Arab Emirates,Abu Dhabi,42.3,44.3,18.0,1000.0,0.0,20.0,0.0,10.0,10.9,57.10000000000001,86.6625,-0.016353457730953203
2025-10-28,Canada,Ottawa,1.1,-0.8,6.1,1030.0,0.0,86.0,25.0,24.0,0.0,2.55,2.55,-0.0007319088894591763
2024-07-05,Kuwait,Kuwait City,45.89999999999999,49.6,13.0,998.0,0.0,5.0,0.0,16.0,10.0,44.3,86.6625,-0.055807810784703094
2025-06-15,Oman,Muscat,45.89999999999999,48.0,18.7,998.0,0.0,11.0,0.0,10.0,10.6,33.115,86.6625,-0.017578280057019224
2025-01-04,Slovenia,Ljubljana,-2.099999999999996,-3.7,3.6,1024.0,0.0,93.0,75.0,0.5,0.9,49.58,54.39,-0.029191980816134055
2024-12-15,Croatia,Zagreb,1.2,0.5,3.6,1026.0,0.0,93.0,100.0,2.5,0.4,57.10000000000001,72.52,-0.03065245173860376
2024-08-13,Bahrain,Manama,35.2,46.0,16.6,998.0,0.0,61.0,0.0,10.0,9.0,57.10000000000001,86.6625,-0.00011905383568044936
2025-07-31,Qatar,Doha,45.4,47.4,34.85000000000001,998.0,0.0,18.0,0.0,10.0,10.2,55.315,86.6625,-0.050540141390539195
2026-01-21,Marshall Islands,Majuro,28.1,32.2,30.2,1008.0,0.0,79.0,100.0,24.0,0.0,5.25,7.55,-0.0040488898888196845
2024-07-18,Kuwait,Kuwait City,44.5,47.0,34.85000000000001,998.0,0.0,14.0,0.0,10.0,10.0,57.10000000000001,86.6625,-0.04935110742671156
2024-07-30,China,Beijing,24.8,28.1,4.7,998.0,0.05,97.0,100.0,10.0,1.0,57.10000000000001,79.2,-0.00275070498915031
2025-03-23,Canada,Ottawa,-2.099999999999996,-5.450000000000003,18.4,1021.0,0.0,56.0,25.0,24.0,0.0,6.845,8.14,-0.0005767856319371933
2025-01-21,Estonia,Tallinn,-2.099999999999996,-5.450000000000003,30.6,1021.0,0.05,68.0,25.0,10.0,0.1,5.92,7.955,-0.019398102839042974
2024-12-23,Bosnia and Herzegovina,Sarajevo,0.5,-2.4,9.0,998.0,0.05,98.0,100.0,2.0,0.2,21.46,22.015,-0.0158215814182443
2026-02-06,Slovenia,Ljubljana,3.1,2.6,3.6,998.0,0.05,100.0,100.0,5.0,0.0,52.55,54.55,-0.011062820853681932
2025-06-20,Qatar,Doha,41.4,42.0,33.5,998.0,0.0,14.0,0.0,10.0,11.4,57.10000000000001,86.6625,-0.035897125505718
2025-08-29,India,New Delhi,30.3,31.6,14.4,1005.0,0.05,89.0,75.0,2.2,4.0,57.10000000000001,70.485,-0.027964514908149107
2024-08-09,China,Beijing,23.9,26.7,14.4,998.0,0.05,98.0,100.0,7.0,1.0,57.10000000000001,86.6625,-0.013849980568469089
2025-03-28,Eritrea,Asmara,21.6,21.6,5.4,1012.0,0.05,38.0,86.0,10.0,13.5,57.10000000000001,86.6625,-0.015764011139052236
2024-09-02,Pakistan,Islamabad,31.0,35.6,5.0,1003.0,0.05,62.0,73.0,9.0,7.0,57.10000000000001,86.6625,-0.003965363183565551
2025-08-16,United Arab Emirates,Abu Dhabi,43.4,45.4,18.4,998.0,0.0,22.0,0.0,10.0,9.3,57.10000000000001,86.6625,-0.008050325888500964
2025-07-06,Bahrain,Manama,36.2,45.0,34.85000000000001,998.0,0.0,35.0,0.0,10.0,11.3,57.10000000000001,86.6625,-0.03272912344255863
2025-08-23,Chile,Santiago,1.2,-1.5,8.6,1030.0,0.0,100.0,0.0,3.0,0.0,57.10000000000001,86.6625,-0.04184675506738589
2024-12-27,Liechtenstein,Vaduz,-0.8,-3.8,8.3,1030.0,0.0,100.0,100.0,6.0,0.9,6.29,7.4,-0.0030834957312696476
2025-08-02,Saudi Arabia,Riyadh,43.1,44.7,12.2,1006.0,0.0,5.0,0.0,10.0,10.7,57.10000000000001,86.6625,-0.009857112987600947
2025-12-12,China,Beijing,-2.099999999999996,-5.450000000000003,10.1,1030.0,0.05,86.0,100.0,3.0,0.1,52.65,55.05,-0.05433431964873925
2026-01-02,Finland,Helsinki,-2.099999999999996,-5.450000000000003,33.1,998.0,0.05,79.0,75.0,10.0,0.0,4.25,5.15,-0.005433084021450041
2024-12-03,Madagascar,Ivory,36.8,36.6,3.6,1007.0,0.05,25.0,83.0,5.0,11.9,5.365,6.66,-0.021544917729644064
2025-08-14,United Arab Emirates,Abu Dhabi,40.3,42.3,9.0,998.0,0.0,34.0,0.0,10.0,10.9,57.10000000000001,86.6625,-0.0076247137026003164
2025-06-16,Cambodia,Phnom Penh,35.3,39.6,3.6,1005.0,0.05,53.0,50.0,10.0,3.4,57.10000000000001,79.18,-0.0013247201050258228
2024-11-21,Ukraine,Kyiv,0.9,-3.9,18.4,998.0,0.05,99.0,100.0,2.0,0.1,8.88,10.915,-0.007885540836597205
2024-08-21,Qatar,Doha,38.0,40.0,25.9,1000.0,0.0,48.0,0.0,10.0,9.0,48.2,86.6625,-8.492783912572577e-05
2025-06-12,Pakistan,Islamabad,43.9,46.1,15.1,998.0,0.0,8.0,0.0,10.0,10.2,53.465,86.6625,-0.025935105016298476
2025-08-19,Qatar,Doha,41.2,49.6,8.3,999.0,0.0,36.0,0.0,8.0,10.3,57.10000000000001,86.6625,-0.040997268478302984
2024-06-17,Kuwait,Kuwait City,45.89999999999999,48.1,3.6,999.0,0.0,9.0,0.0,16.0,10.0,57.10000000000001,86.6625,-0.07073747900294758
2026-01-10,Hungary,Budapest,-2.099999999999996,-5.450000000000003,3.6,1002.0,0.0,93.0,100.0,2.5,0.0,29.05,33.85,-0.007315727418043094
2024-08-20,Iraq,Baghdad,45.89999999999999,49.7,15.1,998.0,0.0,11.0,0.0,10.0,11.0,10.2,29.3,-0.004659833620704323
2024-08-09,Kuwait,Kuwait City,42.7,46.0,14.4,998.0,0.0,24.0,6.0,10.0,10.0,38.1,86.6625,-0.014723983566019783
2024-07-10,Iraq,Baghdad,45.89999999999999,49.0,9.7,1000.0,0.0,6.0,0.0,10.0,11.0,16.5,42.8,-0.0028403386225983596
2024-07-15,Qatar,Doha,41.3,42.7,30.6,998.0,0.0,22.0,0.0,10.0,10.0,31.9,86.6625,-0.01437251791118821
2025-08-04,Pakistan,Islamabad,32.7,38.0,7.6,1002.0,0.05,57.0,82.0,10.0,9.3,57.10000000000001,86.6625,-0.025334877687568924
2026-06-05,Qatar,Doha,40.3,40.6,34.85000000000001,1003.0,0.0,19.0,0.0,10.0,6.7,51.6,86.6625,-0.0020981613487157658
2026-01-21,Jordan,Amman,2.0,-3.6,27.0,1025.0,0.01,21.0,50.0,6.0,0.9,6.95,9.65,-0.006458956455635878
2025-01-31,China,Beijing,-2.099999999999996,-4.7,5.0,1028.0,0.0,63.0,0.0,10.0,0.0,57.10000000000001,86.6625,-0.005887374070780549
2024-07-27,United Arab Emirates,Abu Dhabi,35.7,47.5,19.1,998.0,0.0,61.0,0.0,10.0,9.0,57.10000000000001,86.6625,-0.018729144146151677
2026-03-02,China,Beijing,4.4,2.0,9.7,1027.0,0.0,81.0,100.0,2.7,1.3,57.10000000000001,86.6625,-0.030823806005541354
2025-12-17,Romania,Bucharest,-0.7,-2.4,5.0,1029.0,0.0,93.0,60.0,0.5,0.2,54.55,63.25,-0.03754246104526804
2025-07-15,China,Beijing,23.1,24.8,10.8,998.0,0.05,89.0,75.0,2.3,0.7,57.10000000000001,86.6625,-0.010662858099887096
2025-12-13,North Korea,Pyongyang,-1.3,-5.3,11.5,1021.0,0.05,93.0,98.0,2.0,0.1,38.85,40.45,-0.0142639876763343
2026-01-20,Slovenia,Ljubljana,-2.099999999999996,-5.450000000000003,4.7,1030.0,0.0,74.0,100.0,10.0,0.0,43.75,50.35,-0.008483592419673447
2025-02-14,Iran,Tehran,5.3,3.6,7.6,1019.0,0.0,70.0,75.0,1.7,2.9,57.10000000000001,86.6625,-0.009893237465367188
2024-12-25,Serbia,Belgrade,1.0,-2.7,12.2,1026.0,0.0,99.0,100.0,0.0,1.0,29.23,35.52,-0.002004027642409034
2024-12-22,Finland,Helsinki,3.1,-3.1,34.85000000000001,998.0,0.05,98.0,100.0,9.0,0.0,4.81,8.695,-0.0010259139421112673
2025-08-07,Ethiopia,Addis Ababa,14.4,15.1,3.6,1026.0,0.05,88.0,100.0,2.0,11.3,17.02,30.34,-0.008656177581144786
2025-06-03,Kuwait,Kuwait City,39.2,38.8,34.85000000000001,1003.0,0.0,9.0,50.0,5.0,10.2,57.10000000000001,86.6625,-0.05906732134093862
2025-07-25,Oman,Muscat,31.1,36.4,16.2,998.0,0.0,84.0,0.0,7.0,10.4,49.95,86.6625,-0.002389249820768047
2024-06-08,Saudi Arabia,Riyadh,44.1,46.4,25.9,1003.0,0.0,3.0,0.0,10.0,10.0,25.9,84.1,-0.0186144367016281
2025-03-06,Jordan,Amman,12.0,9.2,29.5,1020.0,0.0,62.0,75.0,5.0,4.1,57.10000000000001,86.6625,-0.004124857629820067
2024-12-27,Jordan,Amman,11.3,7.9,34.85000000000001,1014.0,0.0,35.0,50.0,5.0,2.8,50.505,86.6625,-0.0012230202065383056
2024-11-13,Russia,Moscow,0.2,-3.0,9.7,1027.0,0.0,93.0,75.0,10.0,0.4,57.10000000000001,86.6625,-0.010432580116965351
2024-07-16,India,New Delhi,36.1,39.8,11.2,999.0,0.0,53.0,50.0,4.5,9.0,57.10000000000001,77.8,-0.007728726802648578
2024-08-14,Pakistan,Islamabad,32.9,39.5,4.0,1002.0,0.03,61.0,74.0,10.0,7.0,57.10000000000001,74.8,-0.0053158264063914995
2024-09-05,India,New Delhi,32.3,36.3,6.1,1000.0,0.05,67.0,75.0,3.5,7.0,34.7,50.2,-0.0005076575973639308
2025-03-29,Andorra,Andorra La Vella,-2.099999999999996,-5.450000000000003,32.0,1017.0,0.05,70.0,84.0,9.0,2.7,3.396,4.528,-0.019048706236600266
2024-06-27,Bahrain,Manama,42.1,44.1,28.1,998.0,0.0,20.0,0.0,10.0,9.0,40.4,86.6625,-0.016166139091888465
2026-01-18,Mexico,Mexico City,13.3,13.7,4.3,1029.0,0.05,67.0,75.0,16.0,0.0,56.45,56.65,-0.01726566137210117
2025-07-17,Saudi Arabia,Riyadh,42.3,43.5,21.6,1006.0,0.0,6.0,0.0,10.0,10.8,57.10000000000001,86.6625,-0.009931590904566967
2026-01-25,Croatia,Zagreb,2.3,0.7,5.8,1003.0,0.05,93.0,75.0,1.2,0.0,56.05,57.45,-0.028934018229443192
2026-03-17,Canada,Ottawa,0.1,-5.450000000000003,29.2,998.0,0.05,93.0,100.0,1.2,0.0,1.75,1.85,-0.03098764127750353
2026-03-03,Bahrain,Manama,20.0,20.0,34.85000000000001,1015.0,0.05,68.0,0.0,10.0,2.4,33.95,86.6625,-0.0029511715797889693
2024-08-10,Iraq,Baghdad,45.6,48.9,28.1,999.0,0.0,7.0,0.0,10.0,11.0,14.1,51.7,-0.03157730886479282
2025-05-24,Qatar,Doha,43.2,45.0,7.2,998.0,0.0,11.0,0.0,10.0,10.7,57.10000000000001,86.6625,-0.040306271114766146
2026-02-01,Estonia,Tallinn,-2.099999999999996,-5.450000000000003,8.6,1030.0,0.05,92.0,100.0,5.0,0.0,6.45,7.55,-0.00889288112297515
2025-08-17,Djibouti,Djibouti,37.2,48.0,34.85000000000001,1004.0,0.0,45.0,0.0,10.0,9.9,46.99,86.6625,-0.022642100576006796
2025-12-20,Micronesia,Palikir,30.1,35.9,31.0,1006.0,0.0,75.0,75.0,24.0,0.0,4.85,7.25,-0.001470854421024237
2025-07-11,United Arab Emirates,Abu Dhabi,39.0,41.0,12.6,998.0,0.0,31.0,0.0,10.0,10.5,57.10000000000001,86.6625,-0.0028853394011575384
2026-05-17,Marshall Islands,Majuro,30.1,37.2,26.3,1006.0,0.02,79.0,100.0,24.0,0.2,3.45,5.35,-0.01472466915844406
2025-09-24,Ethiopia,Addis Ababa,17.3,17.3,7.2,1030.0,0.05,83.0,75.0,5.0,10.8,36.075,84.175,-0.016403067456645326
2025-09-24,Qatar,Doha,39.1,39.6,34.85000000000001,1007.0,0.0,23.0,0.0,10.0,8.9,57.10000000000001,86.6625,-0.0014025791929052067
2025-06-13,India,New Delhi,39.1,38.6,3.6,1002.0,0.0,48.0,25.0,3.0,6.0,57.10000000000001,86.6625,-0.02135150762258209
2024-07-18,Oman,Muscat,35.4,46.1,12.6,998.0,0.0,60.0,100.0,10.0,8.0,46.6,86.6625,-0.030655295140862626
2024-11-02,Japan,Tokyo,18.1,18.1,34.85000000000001,1007.0,0.05,94.0,75.0,5.0,0.0,57.10000000000001,86.6625,-0.036342156367375145
2025-06-28,Iraq,Baghdad,41.2,41.7,22.0,998.0,0.0,11.0,0.0,10.0,10.3,29.045,48.47,-0.006877078103949774
2024-08-19,United Arab Emirates,Abu Dhabi,41.1,43.1,6.8,998.0,0.0,34.0,0.0,10.0,8.0,57.10000000000001,86.6625,-0.0019158469787365906
2025-05-29,India,New Delhi,37.3,36.1,3.6,998.0,0.0,42.0,50.0,4.0,6.0,57.10000000000001,86.6625,-0.022182858076021605
2025-02-15,Hungary,Budapest,-0.7,-4.1,9.7,1024.0,0.03,59.0,100.0,10.0,1.0,52.17,54.945,-0.015726483493267773
2025-04-22,Cambodia,Phnom Penh,37.1,42.8,14.4,1007.0,0.05,48.0,50.0,10.0,0.6,54.945,62.16,-0.00851798766318268
2025-02-13,Iran,Chi Chi Khvar,2.3,0.7,5.8,1021.0,0.03,68.0,75.0,10.0,4.2,57.10000000000001,86.6625,-0.013831210272388095
2026-05-02,Malaysia,Kuala Lumpur,35.1,45.9,3.6,1007.0,0.05,50.0,50.0,10.0,12.0,38.85,39.05,-0.012882384769471233
2024-11-25,Iceland,Vestmannaeyjar,-2.099999999999996,-5.450000000000003,33.1,1001.0,0.0,63.0,0.0,10.0,0.0,1.653,4.04,-0.001892409205414669
2025-06-05,Chile,Santiago,3.0,2.5,3.6,1018.0,0.0,100.0,0.0,2.0,0.0,57.10000000000001,86.6625,-0.004026483572817319
2025-07-22,United Arab Emirates,Abu Dhabi,41.4,43.4,16.2,998.0,0.0,52.0,0.0,8.0,10.4,57.10000000000001,86.6625,-0.01894832545805869
2026-01-18,Romania,Bucharest,-2.099999999999996,-5.450000000000003,4.7,1030.0,0.03,79.0,100.0,7.0,0.3,7.55,8.75,-0.024616422197231036
2024-08-09,Saudi Arabia,Riyadh,44.4,47.0,24.5,1000.0,0.0,7.0,6.0,10.0,10.0,18.8,68.1,-0.030696845506832382
2024-08-25,Venezuela,Caracas,27.1,32.7,11.2,1012.0,0.05,70.0,0.0,5.0,5.0,57.10000000000001,68.8,-3.4134304025768e-05
2026-03-22,Malaysia,Kuala Lumpur,35.0,40.9,6.5,1010.0,0.04,47.0,25.0,10.0,13.1,57.10000000000001,64.15,-0.0008524785431053283
2025-12-17,Canada,Ottawa,-1.9,-5.450000000000003,25.2,1005.0,0.05,74.0,75.0,24.0,0.0,13.35,13.95,-0.027825899298167478
2026-03-30,Iceland,Reykjavik,2.3,-4.9,34.85000000000001,1000.0,0.05,100.0,60.0,6.0,0.0,3.75,10.85,-0.02034832244764817
2026-05-14,India,New Delhi,37.0,35.7,7.2,1004.0,0.0,29.0,0.0,6.0,10.9,57.10000000000001,86.6625,-0.0025032242738496358
2025-06-20,Oman,Muscat,42.2,44.2,14.4,998.0,0.0,36.0,0.0,10.0,10.7,46.99,86.6625,-0.01706246302618486
2026-02-27,Russia,Moscow,-2.099999999999996,-5.450000000000003,14.4,1029.0,0.0,86.0,100.0,8.0,0.3,57.10000000000001,86.6625,-0.048346375944832265
2024-07-11,Iraq,Baghdad,45.89999999999999,50.95,20.5,999.0,0.0,6.0,0.0,10.0,11.0,12.3,39.5,-0.018622529278967126
2024-07-08,Kuwait,Kuwait City,45.89999999999999,48.2,15.1,998.0,0.0,10.0,0.0,16.0,10.0,21.8,86.6625,-0.04591308925516768
2025-02-25,Russia,Moscow,-1.9,-2.9,3.6,1023.0,0.0,24.0,0.0,10.0,1.2,57.10000000000001,86.6625,-0.006885515677553133
2026-05-23,India,New Delhi,40.3,40.4,20.5,1006.0,0.0,22.0,50.0,5.0,9.5,57.10000000000001,86.6625,-0.02216498505060116
2025-05-11,Afghanistan,Kabul,23.0,23.6,32.8,1009.0,0.05,29.0,87.0,9.0,5.4,28.305,72.52,-0.007864322375441435
2025-06-17,Kuwait,Kuwait City,40.4,40.4,31.7,1000.0,0.0,16.0,0.0,10.0,11.4,57.10000000000001,86.6625,-0.025120025030088367
2025-01-19,Serbia,Belgrade,-1.0,-1.9,3.6,1030.0,0.0,86.0,100.0,10.0,1.3,57.10000000000001,86.6625,-0.03474139501054507
2025-02-09,Slovenia,Ljubljana,4.3,3.9,3.6,1029.0,0.01,87.0,100.0,5.0,0.5,57.10000000000001,68.82,-0.02904076686596746
2026-01-30,Switzerland,Bern,-2.0,-3.1,3.6,998.0,0.01,100.0,100.0,5.0,0.0,6.35,8.45,-0.01085862838366225
2024-12-28,Russia,Moscow,-0.9,-4.0,8.6,1025.0,0.0,93.0,100.0,9.0,0.2,57.10000000000001,86.6625,-0.029819489408720035
2025-06-30,India,New Delhi,35.4,40.8,3.6,998.0,0.05,46.0,57.0,10.0,1.8,57.10000000000001,86.6625,-0.024363010734182677
2024-12-05,Poland,Warsaw,2.3,1.7,3.6,1026.0,0.0,100.0,75.0,0.4,0.4,57.10000000000001,86.6625,-0.03644188145925775
2025-06-18,India,New Delhi,32.0,35.3,11.5,998.0,0.0,71.0,75.0,3.0,5.9,57.10000000000001,86.6625,-0.012238260849627314
2026-02-01,India,New Delhi,19.2,19.2,9.4,1021.0,0.05,56.0,75.0,3.8,3.9,57.10000000000001,86.6625,-0.001153662898315977
2025-01-20,Belgium,Brussels,-0.8,-1.7,3.6,1020.0,0.0,93.0,75.0,4.5,0.3,57.10000000000001,84.73,-0.0050872918216996466
2026-01-20,Poland,Warsaw,-2.099999999999996,-5.450000000000003,7.2,1030.0,0.0,85.0,0.0,4.4,0.0,57.10000000000001,81.85,-0.03951133739274093
2025-07-27,Bahrain,Manama,41.1,43.1,9.4,998.0,0.0,41.0,0.0,10.0,10.7,57.10000000000001,86.6625,-0.015564139575269698
2026-01-21,Macedonia,Skopje,-1.9,-3.6,4.7,1023.0,0.05,93.0,100.0,1.0,0.1,17.95,20.95,-0.023518528925113857
2024-12-27,Bulgaria,Bogot,0.2,-1.9,6.1,1030.0,0.02,100.0,100.0,0.0,1.1,23.68,24.235,-0.023765298533944934
2025-02-12,South Korea,Seoul,0.1,-5.450000000000003,23.8,1016.0,0.0,86.0,75.0,10.0,0.0,57.10000000000001,86.6625,-0.019946885191372887
2024-11-24,Canada,Ottawa,2.1,-3.3,25.6,1005.0,0.0,80.0,50.0,24.0,0.0,0.74,0.74,-0.0213156669743777
2025-06-24,Qatar,Doha,43.1,44.7,34.6,998.0,0.0,9.0,0.0,10.0,11.3,57.10000000000001,86.6625,-0.054315329738008344
2024-08-13,Iraq,Baghdad,44.8,47.6,25.6,1000.0,0.0,10.0,0.0,10.0,10.0,10.5,27.8,-0.010236919393183719
2024-06-27,Saudi Arabia,Riyadh,43.3,45.1,22.0,1002.0,0.0,5.0,0.0,10.0,10.0,18.3,70.1,-0.0023927536989297726
2024-11-12,Bulgaria,Bogot,3.5,2.6,4.7,1030.0,0.03,95.0,100.0,2.0,1.0,23.68,26.64,-0.02365737066788398
2026-01-08,Serbia,Belgrade,-2.099999999999996,-5.450000000000003,19.4,1010.0,0.05,93.0,100.0,2.5,0.1,29.95,32.25,-0.01825421165038399
2025-01-25,Micronesia,Palikir,28.4,32.8,33.8,1009.0,0.05,79.0,100.0,24.0,0.0,23.865,34.04,-0.00897924781343551
2024-12-20,Serbia,Belgrade,6.1,6.1,3.6,1009.0,0.05,90.0,100.0,2.0,0.2,57.10000000000001,78.995,-0.03664002046383841
2025-01-04,Canada,Ottawa,-2.099999999999996,-5.450000000000003,20.2,1009.0,0.0,72.0,100.0,16.0,0.0,1.665,2.035,-0.012481216240328163
2024-08-08,Saudi Arabia,Riyadh,43.9,46.1,22.3,999.0,0.0,5.0,8.0,10.0,10.0,16.0,61.3,-0.023153738710263272
2026-02-16,Niger,Niamey,25.3,24.0,31.3,1015.0,0.0,6.0,0.0,1.5,0.0,57.10000000000001,86.6625,-0.02622460873931276
2026-04-09,Canada,Ottawa,1.2,-1.9,10.1,1027.0,0.0,51.0,75.0,24.0,0.0,8.65,9.65,-0.003974911919777946
2025-12-28,Slovenia,Ljubljana,-2.0,-3.5,4.3,1024.0,0.0,93.0,60.0,0.6,0.0,48.45,51.95,-0.017628486179507186
2024-07-28,Qatar,Doha,41.4,42.1,34.85000000000001,998.0,0.0,19.0,6.0,10.0,10.0,32.2,86.6625,-0.029436531728590176
2025-10-08,Poland,Warsaw,6.3,5.3,5.8,1023.0,0.0,100.0,60.0,0.3,1.3,55.95,75.55,-0.0019834716329649726
2025-01-17,Belgium,'S Gravenjansdijk,2.4,1.4,4.3,1030.0,0.0,100.0,100.0,2.6,0.5,57.10000000000001,78.07,-0.053325388959982845
2026-01-22,Bulgaria,Bogot,-1.9,-2.9,3.6,1008.0,0.0,96.0,93.0,2.0,0.3,33.75,34.95,-0.0012479327511502047
2025-07-17,Chile,Santiago,-0.6,-2.9,6.5,1018.0,0.0,93.0,0.0,4.0,0.0,57.10000000000001,86.6625,-0.012394028869678109
2025-06-28,Kuwait,Kuwait City,45.7,49.2,20.5,998.0,0.0,5.0,0.0,10.0,10.9,57.10000000000001,86.6625,-0.03724674148016294
2026-01-10,South Korea,Seoul,0.3,-5.450000000000003,33.8,1011.0,0.05,59.0,75.0,10.0,0.3,31.95,38.65,-0.012574905323281427
2025-07-25,Djibouti,Djibouti,43.3,45.3,26.3,1002.0,0.0,31.0,0.0,9.0,9.8,38.85,86.6625,-0.015255374612780814
2026-03-12,Palau,Koror,28.1,33.0,31.0,1003.0,0.05,84.0,100.0,21.0,10.1,7.85,12.35,-0.016244509648840832
2025-12-18,Bulgaria,Lom,-1.0,-2.4,4.3,1029.0,0.0,100.0,60.0,0.2,0.2,41.85,47.35,-0.010872419220256613
2024-11-19,Romania,Bucharest,1.4,-0.8,7.2,1018.0,0.0,93.0,50.0,3.0,0.0,57.10000000000001,86.6625,-0.0037206186788928397
2025-12-08,Iraq,Baghdad,19.3,19.3,34.85000000000001,1017.0,0.05,73.0,100.0,10.0,0.1,57.10000000000001,86.6625,-0.021786277080541483
2024-09-11,India,New Delhi,30.1,33.0,3.6,1000.0,0.05,79.0,75.0,4.0,7.0,57.10000000000001,86.6625,-0.03434480757880587
2025-05-26,Afghanistan,Kabul,30.9,28.7,8.3,1003.0,0.05,15.0,85.0,9.0,9.7,36.075,84.175,-0.01789291487254485
2025-02-07,Canada,Ottawa,-2.099999999999996,-5.450000000000003,26.6,1003.0,0.0,86.0,75.0,24.0,0.0,5.92,6.105,-0.017166944052620425
2025-01-12,Austria,Vienna,2.0,-3.9,30.6,1027.0,0.03,60.0,50.0,10.0,0.4,7.585,8.695,-0.0029886302350177196
2026-04-04,Iceland,Reykjavik,-2.099999999999996,-5.450000000000003,17.3,998.0,0.05,80.0,60.0,2.5,0.0,4.15,5.85,-0.004182680570133601
2025-09-03,Djibouti,Djibouti,39.4,49.9,19.4,1006.0,0.0,40.0,50.0,7.0,10.0,48.1,86.6625,-0.01851246787462102
2025-06-18,Chile,Santiago,1.4,-0.5,6.1,1023.0,0.0,100.0,0.0,1.5,0.0,57.10000000000001,86.6625,-0.016295178384952758
2025-01-16,Hungary,Budapest,0.2,-0.6,3.6,1030.0,0.0,93.0,100.0,2.0,0.5,57.10000000000001,70.855,-0.05087614096177939
2025-02-16,Uzbekistan,Tashkent,2.2,1.1,4.7,1025.0,0.02,87.0,100.0,5.0,0.2,51.43,77.515,-0.02240496695369376
2024-09-09,India,New Delhi,30.3,32.6,6.1,1001.0,0.0,89.0,75.0,3.0,8.0,57.10000000000001,86.6625,-0.0012178158693183505
2024-11-07,Czech Republic,Prague,5.0,4.2,4.7,1030.0,0.0,100.0,100.0,0.4,0.8,57.10000000000001,83.065,-0.05430523017099209
2025-12-29,Slovenia,Ljubljana,-1.9,-2.9,3.6,1021.0,0.0,100.0,100.0,7.0,0.0,47.55,57.25,-0.005368951830630464
2025-04-12,North Korea,Pyongyang,1.8,-0.1,6.5,1005.0,0.05,98.0,100.0,2.0,0.0,57.10000000000001,78.995,-0.05390849113348428
2025-09-16,Ethiopia,Addis Ababa,19.2,19.2,6.1,1027.0,0.05,68.0,25.0,10.0,12.2,55.5,86.6625,-0.0031135702313361824
2024-07-12,Kuwait,Kuwait City,45.7,49.1,32.0,998.0,0.0,15.0,0.0,10.0,11.0,22.1,86.6625,-0.036885438504526524
2025-08-23,Oman,Muscat,38.1,40.1,16.6,999.0,0.0,45.0,0.0,10.0,10.7,57.10000000000001,86.6625,-0.0003423096853236718
2025-07-24,Djibouti,Djibouti,45.1,47.1,23.8,1002.0,0.0,22.0,0.0,8.0,9.4,38.48,86.6625,-0.016645222237890667
2025-01-07,Japan,Tokyo,10.0,10.3,3.6,1001.0,0.05,29.0,25.0,10.0,1.0,57.10000000000001,74.37,-0.01147363038514393
2024-07-20,United Arab Emirates,Abu Dhabi,38.2,40.2,15.1,998.0,0.0,57.0,0.0,4.0,8.0,43.8,86.6625,-0.03662845136123749
2025-07-03,Bahrain,Manama,38.4,40.4,33.1,998.0,0.0,31.0,0.0,9.0,10.9,57.10000000000001,86.6625,-0.03315011920635913
2024-09-21,Chile,Santiago,8.2,8.3,3.6,1014.0,0.0,100.0,100.0,0.6,1.0,57.10000000000001,86.6625,-0.006047779875304027
2024-07-04,India,New Delhi,30.1,31.8,6.1,998.0,0.0,84.0,75.0,4.0,8.0,57.10000000000001,86.6625,-0.00352944823508905
2025-10-30,Iceland,Reykjavik,-1.9,-5.450000000000003,22.3,1000.0,0.05,63.0,0.0,10.0,0.0,1.65,3.35,-0.013208532814123597
2025-02-12,Kuwait,Kuwait City,13.7,12.2,18.0,1019.0,0.05,90.0,75.0,9.0,0.8,57.10000000000001,86.6625,-0.0027388553179090724
2026-02-04,Turkey,Ankara,-2.099999999999996,-3.7,3.6,1023.0,0.0,100.0,0.0,10.0,1.1,44.95,58.15,-0.004421981024185673
2026-05-17,Cambodia,Phnom Penh,35.5,40.2,10.8,1004.0,0.05,44.0,83.0,10.0,6.2,47.05,48.55,-0.0012932676688913736
2024-07-02,Kuwait,Kuwait City,45.89999999999999,50.1,16.9,998.0,0.0,6.0,25.0,16.0,10.0,21.4,84.2,-0.053703497598872385
2026-03-07,Malaysia,Kuala Lumpur,34.3,45.6,4.7,1010.0,0.05,50.0,50.0,10.0,6.0,54.95,55.45,-0.00467414292655044
2025-10-09,Canada,Ottawa,4.1,1.6,10.1,1030.0,0.0,65.0,0.0,24.0,0.0,2.45,2.45,-0.0020697445712603013
2025-08-03,United Arab Emirates,Abu Dhabi,43.4,45.4,16.6,998.0,0.0,24.0,0.0,10.0,10.6,57.10000000000001,86.6625,-0.019565613683117045
2025-06-13,Kuwait,Kuwait City,43.4,45.6,6.5,1002.0,0.0,13.0,0.0,10.0,10.5,57.10000000000001,86.6625,-0.029331262022041615
2025-08-20,Saudi Arabia,Riyadh,41.1,41.6,25.9,1005.0,0.0,7.0,0.0,10.0,11.2,57.10000000000001,86.6625,-0.012850395773972956
2024-06-25,Qatar,Doha,42.5,45.3,27.7,998.0,0.0,23.0,0.0,10.0,10.0,37.1,86.6625,-0.02139756629160705
2025-10-26,Indonesia,Jakarta,26.0,26.6,13.7,1008.0,0.04,89.0,75.0,2.5,8.6,57.10000000000001,86.6625,-0.00906973971657643
2025-02-21,Russia,Moscow,-2.099999999999996,-5.450000000000003,8.6,1030.0,0.0,68.0,0.0,10.0,1.0,57.10000000000001,86.6625,-0.019013507124171047
2025-01-19,Czech Republic,Prague,-1.9,-4.1,5.8,1028.0,0.0,93.0,100.0,0.9,0.8,27.935,32.375,-0.011998699654298561
2024-07-20,Qatar,Doha,39.3,43.4,25.9,998.0,0.0,48.0,0.0,10.0,10.0,31.5,86.6625,-0.010520451443222001
2025-02-07,Azerbaijan,Baku,6.2,0.1,34.85000000000001,1025.0,0.01,75.0,75.0,10.0,1.0,48.285,86.6625,-0.02245133100156904
2025-07-31,Bahrain,Manama,41.3,43.3,34.85000000000001,998.0,0.0,36.0,0.0,10.0,10.7,57.10000000000001,86.6625,-0.035967396541657815
2025-01-23,Montenegro,Podgorica,8.4,8.5,3.6,1021.0,0.05,100.0,100.0,1.5,0.3,38.295,44.77,-0.005217289002641956
2026-02-23,Kazakhstan,Astana,-2.099999999999996,-5.450000000000003,28.8,1010.0,0.05,72.0,75.0,2.4,1.3,3.45,3.85,-0.014264333802941564
2024-06-13,Saudi Arabia,Riyadh,44.4,46.9,6.1,1006.0,0.0,7.0,50.0,10.0,10.0,43.0,86.6625,-0.030776492692512036
2025-08-04,United Arab Emirates,Abu Dhabi,41.1,43.1,6.5,1000.0,0.0,27.0,0.0,7.0,10.7,57.10000000000001,86.6625,-0.02695552424079939
2026-03-20,India,New Delhi,18.1,18.1,3.6,1014.0,0.05,94.0,100.0,1.5,2.3,52.55,86.6625,-0.013700241772373056
2024-07-26,Kuwait,Kuwait City,42.9,44.5,28.8,998.0,0.0,20.0,0.0,10.0,10.0,28.2,86.6625,-0.022295349602023062
2024-08-28,Saudi Arabia,Riyadh,43.7,45.7,31.3,1001.0,0.0,8.0,0.0,10.0,10.0,24.0,86.6625,-0.03711304145405103
2025-12-21,Canada,Ottawa,0.2,-5.450000000000003,28.8,1002.0,0.0,93.0,25.0,23.0,0.0,2.05,2.15,-0.03692947243425826
2025-07-14,United Arab Emirates,Abu Dhabi,43.0,45.0,26.6,998.0,0.0,27.0,0.0,10.0,10.1,57.10000000000001,86.6625,-0.02499438700559342
2025-06-23,Saudi Arabia,Riyadh,40.2,40.2,4.3,1007.0,0.0,5.0,0.0,10.0,11.2,57.10000000000001,86.6625,-0.005356242967663349
2026-02-02,Iran,Chi Chi Khvar,1.0,-0.8,5.8,1024.0,0.0,100.0,100.0,0.0,2.2,50.55,86.6625,-0.041828993826688476
2025-06-03,Myanmar,Yangon,32.3,39.1,10.8,1005.0,0.05,71.0,75.0,7.0,3.3,53.465,86.6625,-0.01582051847285193
2026-02-17,Slovakia,Bratislava,-1.6,-4.7,8.3,1001.0,0.03,100.0,75.0,2.0,0.0,23.25,25.45,-0.0032908936558994073
2025-08-03,Pakistan,Islamabad,33.8,38.8,5.8,1001.0,0.01,51.0,89.0,10.0,9.4,57.10000000000001,86.6625,-0.004945023248041469
2025-01-06,Iran,Tehran,7.3,7.3,3.6,1022.0,0.05,39.0,75.0,6.0,1.1,57.10000000000001,86.6625,-0.02102660636377185
2024-08-13,Qatar,Doha,38.1,47.2,16.9,998.0,0.0,46.0,0.0,10.0,9.0,45.3,86.6625,-0.0013077437103725664
2025-06-22,Oman,Muscat,45.3,47.3,26.6,998.0,0.0,15.0,0.0,10.0,11.1,42.735,86.6625,-0.034774446719133656
2025-06-28,Bahrain,Manama,38.1,40.1,27.0,998.0,0.0,35.0,0.0,10.0,11.1,57.10000000000001,86.6625,-0.01818862271282884
2024-10-26,Palau,Airai,29.1,34.6,34.85000000000001,1005.0,0.05,79.0,100.0,21.0,1.0,20.165,35.705,-0.002243849326108993
2024-07-07,Oman,Muscat,38.4,48.0,15.1,998.0,0.0,51.0,0.0,10.0,9.0,57.10000000000001,86.6625,-0.015420466138880928
2025-05-12,Israel,Jerusalem,30.2,31.7,32.8,1010.0,0.0,16.0,0.0,5.0,8.8,37.74,86.6625,-0.0007027876509558828
2024-07-28,Oman,Muscat,36.6,43.3,3.6,998.0,0.0,46.0,14.0,10.0,9.0,48.2,86.6625,-0.013324372130689821
2025-07-02,Kuwait,Kuwait City,42.2,43.3,22.3,999.0,0.0,7.0,0.0,10.0,10.4,57.10000000000001,86.6625,-0.026189919950508567
2025-07-28,Qatar,Doha,39.1,41.4,11.5,998.0,0.0,51.0,0.0,5.0,10.7,57.10000000000001,86.6625,-0.03802247132482128
2024-12-20,Kazakhstan,Astana,-2.099999999999996,-5.450000000000003,30.2,1015.0,0.02,90.0,100.0,2.0,0.2,6.845,7.03,-0.014868891224124936
2025-08-01,Bahrain,Manama,39.1,41.1,27.0,998.0,0.0,38.0,0.0,10.0,10.3,57.10000000000001,86.6625,-0.013818752853134053
2025-06-27,Qatar,Doha,43.1,45.4,17.3,998.0,0.0,14.0,0.0,10.0,10.5,57.10000000000001,86.6625,-0.02554004926136455
2025-03-27,Thailand,Nan,39.1,38.6,16.6,1000.0,0.0,18.0,0.0,9.0,2.4,54.945,57.165,-0.0021137492995962903
2025-02-26,Hungary,Budapest,3.1,1.0,7.6,1018.0,0.05,87.0,100.0,3.4,0.1,55.685,64.01,-0.005221037753281754
2025-07-18,Pakistan,Islamabad,31.5,36.7,12.6,1004.0,0.05,62.0,83.0,10.0,10.3,54.76,66.97,-0.0072072960153561905
2024-10-01,Iraq,Baghdad,36.3,35.0,34.85000000000001,1002.0,0.0,37.0,0.0,6.0,9.0,57.10000000000001,86.6625,-0.009575773202011306
2024-05-25,Saudi Arabia,Riyadh,43.0,44.6,13.0,1005.0,0.0,5.0,50.0,10.0,10.0,51.3,86.6625,-0.01718291106862091
2024-12-23,Russia,Moscow,-1.6,-3.5,5.0,1016.0,0.0,96.0,94.0,2.0,0.2,57.10000000000001,86.6625,-0.04527719044747103
2025-03-13,Latvia,Riga,4.1,1.8,9.0,998.0,0.05,93.0,75.0,2.5,0.3,46.62,58.645,-0.023346240520537354
2026-01-05,Armenia,Yerevan,-2.099999999999996,-5.450000000000003,3.6,1030.0,0.0,79.0,0.0,2.2,1.3,10.85,13.75,-0.005230796254393155
2024-07-02,Qatar,Doha,45.1,49.4,33.1,998.0,0.0,14.0,0.0,10.0,10.0,25.7,85.2,-0.03581764023632328
2024-06-24,Qatar,Doha,42.1,44.1,15.1,998.0,0.0,17.0,0.0,10.0,9.0,52.7,86.6625,-0.013493325048924198
2025-06-14,Bahrain,Manama,41.3,43.3,10.4,1001.0,0.0,14.0,0.0,10.0,10.5,57.10000000000001,86.6625,-0.016021628616159078
2024-07-28,Kuwait,Kuwait City,42.7,44.0,34.85000000000001,998.0,0.0,19.0,0.0,10.0,10.0,57.10000000000001,86.6625,-0.04624139715103315
2026-01-01,Mongolia,Ulaanbaatar,-2.099999999999996,-5.450000000000003,3.6,1028.0,0.0,59.0,0.0,8.0,0.6,47.45,49.65,-0.0047993583111949345
2024-09-22,Bangladesh,Dhaka,36.8,45.1,7.6,999.0,0.0,48.0,15.0,10.0,9.0,57.10000000000001,86.6625,-0.015292791518176307
2024-07-12,Uruguay,Montevideo,3.1,0.8,4.0,1030.0,0.0,100.0,0.0,2.0,4.0,43.4,58.6,-0.003932231882917581
2024-06-16,United Arab Emirates,Abu Dhabi,33.2,42.4,31.0,998.0,0.0,67.0,0.0,10.0,8.0,57.10000000000001,86.6625,-0.008677369996068385
2025-08-05,Qatar,Doha,37.1,45.7,12.6,1000.0,0.0,60.0,0.0,8.0,10.1,57.10000000000001,86.6625,-0.01739468999098015
2025-08-10,India,New Delhi,32.2,34.0,8.3,1005.0,0.05,71.0,75.0,5.0,6.1,57.10000000000001,86.6625,-0.02646474462649684
2025-05-24,Oman,Muscat,34.4,37.8,10.8,998.0,0.0,75.0,0.0,10.0,11.6,35.335,86.6625,-0.006221081974012388
2025-01-20,Luxembourg,Luxembourg,-2.099999999999996,-3.8,3.6,1019.0,0.0,100.0,60.0,0.1,0.3,57.10000000000001,81.585,-0.04245238711204502
2025-07-14,Iraq,Baghdad,43.4,45.2,11.5,998.0,0.0,19.0,0.0,5.0,8.6,57.10000000000001,86.6625,-0.05410864702665186
2025-03-14,Canada,Ottawa,-2.099999999999996,-5.450000000000003,3.6,1019.0,0.0,89.0,0.0,0.0,0.0,57.10000000000001,76.22,-0.03733970930666819
2024-12-30,Luxembourg,Luxembourg,-1.8,-2.8,3.6,1030.0,0.0,100.0,60.0,0.2,0.4,49.395,52.54,-0.04668318915268288
2025-06-11,Sudan,Khartoum,38.6,37.9,27.0,1007.0,0.0,8.0,0.0,10.0,10.7,57.10000000000001,86.6625,-0.0041567282833148145
2025-12-22,Tajikistan,Dushanbe,0.1,-1.7,5.4,1027.0,0.05,100.0,100.0,0.3,0.4,15.05,15.45,-0.02361889009023621
2024-12-09,Kyrghyzstan,Bishkek,-2.099999999999996,-5.450000000000003,3.6,1030.0,0.0,74.0,100.0,10.0,0.0,57.10000000000001,68.08,-0.022053102921884227
2025-11-25,Switzerland,S-Chanf,-2.099999999999996,-5.450000000000003,14.4,998.0,0.05,93.0,60.0,1.5,0.0,1.581,1.681,-0.008959498490663353
2025-01-14,North Korea,Pyongyang,-2.099999999999996,-5.450000000000003,20.2,1026.0,0.0,37.0,19.0,10.0,0.0,57.10000000000001,86.6625,-0.017792631548337767
2026-01-11,Estonia,Tallinn,-2.099999999999996,-5.450000000000003,31.7,1008.0,0.05,93.0,100.0,1.0,0.0,2.45,3.05,-0.017807534972458017
2024-07-03,India,New Delhi,26.2,28.7,4.0,998.0,0.05,100.0,75.0,3.0,6.0,57.10000000000001,86.6625,-0.05101663904102649
2024-11-13,Romania,Bucharest,4.1,1.7,9.7,1029.0,0.01,93.0,100.0,7.0,0.4,57.10000000000001,68.45,-0.005066857648111989
2025-05-04,United Arab Emirates,Abu Dhabi,43.2,45.2,14.8,1005.0,0.0,12.0,0.0,10.0,10.4,56.795,86.6625,-0.004898446844012638
2024-07-01,Oman,Muscat,38.2,45.3,13.0,998.0,0.0,35.0,0.0,10.0,9.0,47.2,86.6625,-0.010856588599204575
2024-12-09,Russia,Moscow,-0.8,-1.7,3.6,1029.0,0.0,93.0,75.0,10.0,0.1,57.10000000000001,86.6625,-0.022388926292351452
2025-06-07,Kuwait,Kuwait City,39.5,41.9,5.8,1005.0,0.0,11.0,0.0,10.0,10.7,57.10000000000001,86.6625,-0.0033334186805588084
2025-01-21,Austria,Vienna,-1.8,-2.8,3.6,1021.0,0.0,93.0,75.0,2.8,0.3,51.245,56.24,-0.005434273920252308
2025-07-23,Qatar,Doha,45.4,49.9,31.3,998.0,0.0,16.0,0.0,10.0,10.4,57.10000000000001,86.6625,-0.04600316165500429
2024-06-26,Kuwait,Kuwait City,45.89999999999999,48.4,3.6,998.0,0.0,9.0,0.0,16.0,10.0,23.5,83.9,-0.05247578695964783
2025-06-09,Vietnam,Hanoi,33.3,39.5,5.4,1001.0,0.05,67.0,0.0,10.0,1.4,57.10000000000001,82.695,-0.007122052347521612
2024-07-23,United Arab Emirates,Abu Dhabi,33.8,46.1,22.3,998.0,0.0,72.0,9.0,10.0,8.0,35.1,79.9,-0.0033357785485294
2024-08-03,United Arab Emirates,Abu Dhabi,34.1,46.9,25.9,998.0,0.0,71.0,6.0,10.0,8.0,44.3,86.6625,-0.022270611004465368
2024-06-12,Saudi Arabia,Riyadh,43.3,45.1,6.1,1006.0,0.0,6.0,50.0,7.0,10.0,36.5,86.6625,-0.041457110246597484
2025-06-16,Iraq,Baghdad,41.2,41.7,25.2,1000.0,0.0,14.0,0.0,10.0,11.3,36.63,53.65,-0.012723948766216076
2025-09-20,Azerbaijan,Baku,20.2,20.2,34.85000000000001,1009.0,0.05,73.0,75.0,10.0,4.8,49.025,86.6625,-0.0028445567670720706
2025-04-03,Myanmar,Yangon,38.1,40.7,25.2,1008.0,0.0,35.0,50.0,8.0,3.2,57.10000000000001,63.825,-0.011816623113294233
2025-02-24,Slovenia,Ljubljana,7.3,7.3,3.6,1028.0,0.05,93.0,100.0,7.0,0.4,57.10000000000001,75.85,-0.022608918945183354
2024-07-14,Saudi Arabia,Riyadh,43.5,45.4,28.1,998.0,0.0,8.0,0.0,10.0,10.0,18.4,68.2,-0.023819645339649642
2025-09-10,Kuwait,Kuwait City,43.4,45.6,25.2,1004.0,0.0,11.0,0.0,10.0,8.4,57.10000000000001,86.6625,-0.021725491194881208
2024-12-05,Kyrghyzstan,Bishkek,3.6,3.6,3.6,1028.0,0.0,55.0,100.0,10.0,0.3,57.10000000000001,74.555,-0.00029953262934678815
2024-06-20,Turkmenistan,Ashgabat,34.0,32.5,25.9,1007.0,0.05,32.0,75.0,6.0,8.0,10.2,52.2,-0.006598772660676766
2024-07-12,Vietnam,Hanoi,33.3,46.8,19.1,999.0,0.05,67.0,50.0,10.0,1.0,57.10000000000001,70.5,-0.027369362071702485
2025-08-24,Bahrain,Manama,42.2,44.2,6.8,999.0,0.0,25.0,0.0,10.0,9.8,57.10000000000001,86.6625,-0.00960333029253957
2025-07-28,Bahrain,Manama,40.2,42.2,7.2,998.0,0.0,43.0,0.0,8.0,10.7,57.10000000000001,86.6625,-0.027182041393272405
2024-06-23,Iraq,Baghdad,45.1,48.1,9.0,998.0,0.0,10.0,50.0,10.0,10.0,20.8,76.7,-0.02311129020393543
2024-08-26,Iraq,Baghdad,43.2,44.9,19.1,1003.0,0.0,15.0,0.0,10.0,11.0,21.2,68.3,-0.002818346712725406
2025-08-20,Bahrain,Manama,38.3,40.3,20.2,998.0,0.0,54.0,0.0,10.0,9.8,57.10000000000001,86.6625,-0.0020629355357425494
2024-11-15,Mongolia,Ulaanbaatar,-2.099999999999996,-5.450000000000003,4.3,1030.0,0.0,42.0,100.0,10.0,0.0,6.29,6.66,-0.0039631631434302594
2024-08-28,India,New Delhi,30.1,35.3,11.2,1002.0,0.05,84.0,75.0,3.0,6.0,57.10000000000001,86.6625,-0.0440241550568965
2024-11-20,Japan,Tokyo,8.8,6.1,18.0,1022.0,0.05,79.0,100.0,2.0,0.0,43.475,44.955,-0.016456222850577018
2024-09-03,United Arab Emirates,Abu Dhabi,38.2,40.2,22.0,1000.0,0.0,48.0,0.0,6.0,8.0,54.2,86.6625,-0.01636102542800577
2025-08-08,Iraq,Baghdad,44.9,47.8,27.0,1002.0,0.0,11.0,0.0,10.0,9.3,43.66,63.455,-0.02569932663411112
2024-06-29,Chile,Santiago,3.3,1.6,6.1,1019.0,0.0,100.0,75.0,3.0,4.0,57.10000000000001,86.6625,-0.01189338596855305
2025-08-16,India,New Delhi,33.1,35.6,10.1,1003.0,0.01,67.0,75.0,3.5,7.1,57.10000000000001,65.12,-0.004051825489409522
2024-09-17,Kuwait,Kuwait City,44.1,48.1,5.8,1005.0,0.0,11.0,0.0,10.0,9.0,57.10000000000001,86.6625,-0.015202120365271243
2025-06-10,Oman,Muscat,40.1,47.6,20.2,1004.0,0.0,19.0,0.0,10.0,11.3,48.84,86.6625,-0.004054869733577382
2025-12-29,Russia,Moscow,-2.099999999999996,-5.450000000000003,4.7,998.0,0.05,100.0,75.0,2.7,0.0,57.10000000000001,86.6625,-0.0740416106447308
2025-01-31,Kyrghyzstan,Bishkek,-2.099999999999996,-5.450000000000003,4.7,1030.0,0.05,96.0,100.0,2.0,0.5,37.925,39.59,-0.056699698078784944
2025-01-21,Netherlands,Amsterdam,0.0,-3.9,12.2,1017.0,0.0,100.0,100.0,0.5,0.4,57.10000000000001,74.185,-0.04176315829423949
2024-08-20,Qatar,Doha,37.1,49.5,15.1,998.0,0.0,64.0,0.0,10.0,9.0,51.3,86.6625,-0.018888960092814377
2024-11-13,Hungary,Budapest,2.2,0.1,7.2,1030.0,0.0,87.0,100.0,9.0,0.9,57.10000000000001,86.6625,-0.018371338384600477
2026-02-02,Russia,Moscow,-2.099999999999996,-5.450000000000003,13.7,1008.0,0.02,77.0,50.0,4.3,0.2,31.85,40.65,-0.0014855742086979928
2025-04-06,Bulgaria,Sofia,0.0,-5.450000000000003,24.5,1010.0,0.05,100.0,50.0,0.5,2.9,22.57,24.05,-0.01949612685205071
2024-05-30,Kuwait,Kuwait City,45.6,49.0,6.8,1000.0,0.0,8.0,0.0,16.0,10.0,30.6,86.6625,-0.058652659473093505
2026-02-01,Bosnia and Herzegovina,Sarajevo,3.4,1.4,7.6,1006.0,0.05,100.0,75.0,10.0,0.1,57.10000000000001,69.05,-0.0004625080763535072
2025-02-05,Canada,Ottawa,-2.099999999999996,-5.450000000000003,7.6,1030.0,0.0,65.0,75.0,24.0,0.0,9.99,10.545,-0.006733347338760742
2025-06-18,Bahrain,Manama,36.3,46.3,34.85000000000001,1000.0,0.0,42.0,0.0,10.0,11.7,57.10000000000001,86.6625,-0.031824107325944095
2026-02-13,Russia,Moscow,0.1,-3.7,11.9,998.0,0.05,100.0,100.0,7.0,0.1,30.55,40.05,-0.0199630121301958
2025-02-23,Azerbaijan,Baku,-0.7,-5.450000000000003,34.85000000000001,1022.0,0.0,86.0,100.0,0.2,1.3,3.7,4.07,-0.016267728181149854
2024-12-25,Russia,Moscow,-0.0,-3.4,10.4,1030.0,0.01,95.0,100.0,2.0,0.2,57.10000000000001,86.6625,-0.07308476288132826
2026-01-28,Nepal,Kathmandu,14.3,13.9,9.0,1024.0,0.05,67.0,75.0,2.5,1.0,57.10000000000001,86.6625,-0.0010761518282600413
2025-04-24,Vietnam,Ban Lom,37.8,39.5,4.7,1001.0,0.05,29.0,72.0,10.0,1.8,57.10000000000001,65.12,-0.04309266005620471
2025-11-28,Canada,Ottawa,-1.7,-5.450000000000003,18.0,1002.0,0.0,80.0,75.0,24.0,0.0,1.55,1.55,-0.007851865546971482
2024-07-13,Iraq,Baghdad,44.2,46.6,33.5,998.0,0.0,8.0,0.0,10.0,10.0,23.6,86.6625,-0.04220061509312556
2024-08-27,Saudi Arabia,Riyadh,45.1,48.1,16.9,1005.0,0.0,7.0,25.0,10.0,10.0,32.6,86.6625,-0.002264444072171745
2025-06-12,Vietnam,Hanoi,33.4,44.2,9.0,1001.0,0.05,63.0,75.0,10.0,2.0,57.10000000000001,69.56,-0.017277252508509977
2024-06-22,Chile,Santiago,8.2,8.3,16.9,1018.0,0.05,87.0,100.0,10.0,3.0,57.10000000000001,86.6625,-0.02033792191554784
2025-06-16,Sudan,Khartoum,37.6,36.5,3.6,1008.0,0.0,12.0,2.0,10.0,10.2,57.10000000000001,86.6625,-0.0005232618313387727
2024-12-11,Kyrghyzstan,Bishkek,-2.099999999999996,-4.2,3.6,1030.0,0.0,66.0,0.0,10.0,0.5,57.10000000000001,60.31,-0.0021997327715638226
2025-07-26,Saudi Arabia,Riyadh,44.1,46.4,9.4,1003.0,0.0,5.0,0.0,10.0,11.0,51.615,86.6625,-0.02520927839217524
2026-01-11,Bulgaria,Lom,-0.8,-5.450000000000003,28.1,1006.0,0.0,100.0,100.0,1.2,0.2,14.65,18.45,-0.00819456769554805
2025-09-05,Bahrain,Manama,36.2,47.5,7.9,1005.0,0.0,64.0,75.0,10.0,7.0,57.10000000000001,86.6625,-0.009359868270484739
2025-12-14,Serbia,Belgrade,1.3,0.6,3.6,1030.0,0.0,93.0,100.0,10.0,0.1,57.10000000000001,61.25,-0.001170247236819466
2024-07-09,Iraq,Baghdad,45.7,49.2,10.4,998.0,0.0,9.0,0.0,10.0,11.0,17.1,46.5,-0.006988030959226843
2025-10-20,Indonesia,Jakarta,31.2,35.4,17.6,1003.0,0.05,71.0,75.0,6.0,3.0,57.10000000000001,86.6625,-0.018815501302831272
2025-06-11,Iraq,Baghdad,40.2,40.2,7.2,1003.0,0.0,16.0,0.0,10.0,10.5,55.87,86.6625,-0.006578551255365328
2024-08-14,Qatar,Doha,38.3,49.2,15.1,998.0,0.0,61.0,0.0,2.9,9.0,55.7,86.6625,-0.06879004227614216
2026-01-20,Romania,Bucharest,-2.099999999999996,-5.450000000000003,3.6,1030.0,0.0,86.0,0.0,3.0,0.0,46.45,49.85,-0.037647649410801676
2025-06-16,Saudi Arabia,Riyadh,44.3,46.7,24.5,1005.0,0.0,3.0,0.0,10.0,11.8,57.10000000000001,86.6625,-0.0323733076909275
2025-04-20,Pakistan,Islamabad,34.0,32.1,34.85000000000001,1000.0,0.01,20.0,83.0,10.0,5.1,35.89,77.885,-0.01414761974829759
2025-07-28,Djibouti,Djibouti,38.2,47.0,34.85000000000001,1005.0,0.0,42.0,75.0,2.0,9.2,51.985,86.6625,-0.07205187640804178
2026-04-19,India,New Delhi,36.2,34.7,6.1,1008.0,0.0,27.0,50.0,3.0,7.7,57.10000000000001,86.6625,-0.002020338705249314
2026-01-09,Belarus,Minsk,-2.099999999999996,-5.450000000000003,31.7,998.0,0.05,85.0,100.0,0.8,0.0,4.35,5.05,-0.025811124090198034
2024-11-23,Russia,Moscow,0.1,-3.5,11.2,999.0,0.05,100.0,100.0,1.4,0.2,28.86,34.04,-0.026004617561632637
2024-11-03,Iceland,Vestmannaeyjar,7.3,2.0,34.85000000000001,1004.0,0.05,100.0,100.0,2.0,0.0,5.141,15.974,-0.0042265147905479195
2026-03-25,Denmark,Copenhagen,7.7,2.9,34.85000000000001,998.0,0.05,88.0,100.0,2.0,0.0,14.05,17.65,-0.013786180538908122
2024-09-30,Mauritania,Nouakchott,31.0,32.2,19.1,1012.0,0.05,45.0,75.0,10.0,7.0,51.43,86.6625,-0.0037679264454619776
2025-03-20,Saudi Arabia,Riyadh,29.3,27.2,27.7,1017.0,0.05,16.0,75.0,10.0,3.9,57.10000000000001,86.6625,-0.024787982219536597
2024-07-25,United Arab Emirates,Abu Dhabi,36.0,46.3,13.7,998.0,0.0,56.0,0.0,10.0,9.0,57.10000000000001,86.6625,-0.008532096606203354
2026-02-12,Romania,Bucharest,1.1,0.2,4.0,998.0,0.0,93.0,0.0,3.0,0.1,57.10000000000001,73.75,-0.012390710399598381
2025-06-01,Kuwait,Kuwait City,42.7,44.1,29.2,1005.0,0.0,4.0,0.0,10.0,10.1,57.10000000000001,86.6625,-0.029134999503452885
2025-01-01,Russia,Moscow,-2.099999999999996,-5.450000000000003,22.3,1005.0,0.05,93.0,100.0,10.0,0.1,46.065,63.455,-0.049877348450796055
2024-11-08,Norway,Oslo,4.1,4.1,3.6,1030.0,0.0,95.0,59.0,2.0,0.2,53.465,67.34,-0.01227062135529855
2024-07-18,India,New Delhi,31.1,32.1,6.8,998.0,0.05,79.0,75.0,2.5,8.0,57.10000000000001,71.7,-0.060560949350104365
2025-09-20,Bangladesh,Dhaka,34.3,40.6,3.6,1003.0,0.05,53.0,100.0,10.0,6.7,57.10000000000001,64.75,-0.02392744191781948
2026-01-23,Austria,Vienna,-2.099999999999996,-5.450000000000003,3.6,1003.0,0.0,86.0,100.0,5.0,0.0,43.25,50.85,-0.0012103983303725085
2025-01-23,Austria,Vienna,0.3,-1.1,4.7,1009.0,0.0,100.0,60.0,0.8,0.4,57.10000000000001,64.01,-0.009011048263495969
2024-07-15,United Arab Emirates,Abu Dhabi,34.2,46.9,17.3,998.0,0.0,70.0,0.0,10.0,8.0,52.3,86.6625,-0.004570583004004813
2026-04-06,Indonesia,Jakarta,25.1,26.1,6.8,1009.0,0.0,83.0,100.0,1.0,10.6,57.10000000000001,86.6625,-0.0070587629171287025
2024-08-07,Iraq,Baghdad,45.89999999999999,49.6,23.0,998.0,0.0,9.0,0.0,10.0,11.0,21.8,81.0,-0.02814437691483207
2024-09-21,Vietnam,Hanoi,32.3,45.4,7.2,1001.0,0.05,80.0,50.0,10.0,1.0,56.055,80.475,-0.020555909899367175
2025-08-15,Kuwait,Kuwait City,42.2,43.3,14.0,998.0,0.0,21.0,0.0,9.0,9.9,57.10000000000001,86.6625,-0.018051628185561164
2026-02-10,Canada,Ottawa,-2.099999999999996,-5.450000000000003,5.0,1021.0,0.0,56.0,100.0,24.0,0.0,20.95,21.55,-0.010941941509195918
2025-05-26,Marshall Islands,Majuro,28.2,33.3,33.8,1011.0,0.01,84.0,100.0,24.0,0.0,8.695,14.615,-0.008220752977763923
2025-04-21,Canada,Ottawa,-0.8,-3.7,7.9,1027.0,0.0,59.0,50.0,24.0,0.0,5.365,7.03,-0.0028534605259188384
2025-07-09,Malaysia,Kuala Lumpur,36.3,38.3,5.8,1006.0,0.05,45.0,25.0,10.0,3.8,57.10000000000001,68.635,-0.0047507719817933
2024-12-28,United Kingdom,London,4.0,3.4,4.0,1029.0,0.0,100.0,75.0,3.0,0.2,57.10000000000001,77.7,-0.028799667098486692
2025-05-28,Cambodia,Phnom Penh,35.2,38.1,8.6,1003.0,0.05,60.0,50.0,10.0,1.6,57.10000000000001,86.6625,-0.0038162225445680376
2026-01-01,Sweden,Stockholm,-0.9,-5.450000000000003,30.2,998.0,0.05,100.0,0.0,3.7,0.0,2.35,4.15,-0.036795683744121566
2024-12-28,Poland,Warsaw,0.1,-1.8,5.8,1030.0,0.0,100.0,100.0,8.0,0.5,57.10000000000001,86.6625,-0.0447636575938225
2025-05-22,Oman,Muscat,38.3,41.6,23.4,1000.0,0.0,29.0,0.0,10.0,11.6,46.435,86.6625,-0.003033720137112117
2025-08-05,India,New Delhi,32.0,44.6,10.8,1004.0,0.05,67.0,75.0,4.0,2.1,57.10000000000001,86.6625,-0.025682702191818896
2025-08-27,Kuwait,Kuwait City,41.2,41.9,26.6,1000.0,0.0,14.0,0.0,10.0,9.3,57.10000000000001,86.6625,-0.007546048019661078
2026-01-10,Saudi Arabia,Riyadh,16.1,16.1,25.9,1022.0,0.0,34.0,75.0,3.0,2.2,57.10000000000001,86.6625,-0.010511898246472695
2025-07-07,Uganda,Kampala,22.4,24.7,6.5,1021.0,0.05,83.0,50.0,9.0,10.6,57.10000000000001,83.805,-0.007488990220128722
2025-01-16,Macedonia,Skopje,2.1,1.5,3.6,1030.0,0.0,75.0,100.0,8.0,1.1,57.10000000000001,81.215,-0.005889422021103319
2025-02-14,Iran,Chi Chi Khvar,1.3,-5.1,33.8,1019.0,0.05,75.0,86.0,5.0,1.7,27.38,86.6625,-0.04415095740915986
2025-07-08,Qatar,Doha,41.0,41.4,19.8,998.0,0.0,17.0,0.0,10.0,10.3,57.10000000000001,86.6625,-0.00312540072808698
2025-09-08,Kuwait,Kuwait City,44.2,46.7,16.6,1002.0,0.0,11.0,0.0,10.0,8.8,57.10000000000001,86.6625,-0.005560485562773554
2025-05-14,Bangladesh,Dhaka,36.5,40.8,9.7,1002.0,0.05,40.0,79.0,9.0,1.3,47.545,59.2,-0.018250414287785177
2024-11-14,Iran,Tehran,11.2,10.7,6.5,1023.0,0.05,66.0,100.0,7.0,0.4,57.10000000000001,86.6625,-0.00041776553584238485
2025-07-19,Kuwait,Kuwait City,43.7,45.7,17.6,998.0,0.0,9.0,0.0,10.0,10.4,57.10000000000001,86.6625,-0.02394829932517939
2025-04-15,Bahrain,Manama,27.4,28.9,34.85000000000001,1012.0,0.0,48.0,0.0,3.5,9.0,57.10000000000001,86.6625,-0.0035028516024525613
2024-11-21,Sweden,Stockholm,-2.099999999999996,-5.450000000000003,32.4,998.0,0.05,80.0,75.0,9.0,0.0,2.035,4.625,-0.009718773500213551
2025-06-30,Oman,Muscat,34.4,42.4,15.8,998.0,0.0,80.0,50.0,8.0,9.8,57.10000000000001,86.6625,-0.0031723325593844276
2024-12-30,Croatia,Zagreb,2.4,1.8,3.6,1030.0,0.0,87.0,0.0,4.0,0.9,57.10000000000001,86.6625,-0.0014210054995649202
2025-07-18,Philippines,Manila,28.3,33.9,19.1,998.0,0.05,94.0,100.0,9.0,0.5,54.02,56.055,-0.00292448395203293
2025-05-17,Kuwait,Kuwait City,37.1,35.8,34.85000000000001,1007.0,0.0,6.0,100.0,1.2,9.4,57.10000000000001,86.6625,-0.07771500644013829
2025-01-14,Serbia,Belgrade,-1.6,-5.450000000000003,12.2,1030.0,0.0,100.0,75.0,0.4,1.2,30.895,36.075,-0.010135964499663475
2024-08-06,Guatemala,Guatemala City,16.0,16.0,5.0,1019.0,0.0,97.0,100.0,0.0,4.0,52.6,86.6625,-0.0035786891434657075
2026-02-25,Iceland,Reykjavik,-1.9,-5.450000000000003,34.85000000000001,1002.0,0.01,54.0,75.0,10.0,0.0,2.55,6.55,-0.010644292364009766
2024-06-30,Bahrain,Manama,38.1,46.1,15.1,998.0,0.0,33.0,0.0,10.0,9.0,57.10000000000001,86.6625,-0.007944008027253702
2025-07-23,United Arab Emirates,Abu Dhabi,38.4,40.4,12.2,998.0,0.0,57.0,0.0,8.0,10.0,57.10000000000001,86.6625,-0.010698392287636915
2025-02-11,Russia,Moscow,-2.099999999999996,-5.450000000000003,6.8,1030.0,0.0,79.0,100.0,10.0,0.9,57.10000000000001,86.6625,-0.04567245447389756
2026-01-15,Canada,Ottawa,-2.099999999999996,-5.450000000000003,19.4,1000.0,0.0,79.0,100.0,24.0,0.0,1.15,1.25,-0.04423826345632431
2025-07-29,United Arab Emirates,Abu Dhabi,45.3,47.3,11.9,998.0,0.0,20.0,0.0,10.0,9.7,57.10000000000001,86.6625,-0.02105126000633728
2024-07-20,India,New Delhi,36.4,41.1,6.1,998.0,0.0,57.0,50.0,4.5,9.0,57.10000000000001,86.6625,-0.032717993164313786
2024-06-22,Guatemala,Guatemala City,17.1,17.1,15.1,1016.0,0.04,98.0,100.0,0.0,4.0,48.5,55.9,-0.01226389567681696
2025-03-10,Sri Lanka,Colombo,29.3,35.8,8.6,1008.0,0.05,75.0,100.0,4.0,0.8,54.945,64.01,-0.006146050634315503
2024-12-13,Serbia,Belgrade,3.4,2.9,3.6,1030.0,0.0,87.0,100.0,10.0,1.2,57.10000000000001,86.6625,-0.021170808456799417
2026-01-12,Micronesia,Palikir,29.3,34.3,25.9,1009.0,0.0,79.0,100.0,24.0,0.0,5.05,7.45,-0.002763588000430084
2024-08-22,Saudi Arabia,Riyadh,42.7,44.1,16.9,1001.0,0.0,11.0,4.0,10.0,10.0,28.4,86.6625,-0.00037288952637426487
2025-07-24,Tajikistan,Dushanbe,40.0,39.9,16.2,1000.0,0.0,15.0,0.0,7.0,10.7,39.59,60.31,-0.008319324789584526
2025-09-19,Bangladesh,Dhaka,33.9,40.0,7.2,1003.0,0.05,54.0,96.0,10.0,5.0,57.10000000000001,71.78,-0.020743413348023765
2026-02-24,Canada,Ottawa,-2.099999999999996,-5.450000000000003,21.6,1012.0,0.0,66.0,25.0,24.0,0.0,1.85,2.05,-0.017773052440676396
2025-05-16,India,New Delhi,42.1,43.1,27.0,1003.0,0.0,17.0,25.0,5.0,6.8,57.10000000000001,86.6625,-0.04846740069193112
2026-06-17,Kuwait,Kuwait City,36.4,25.6,34.85000000000001,1005.0,0.0,22.0,0.0,2.1,6.4,57.10000000000001,86.6625,-0.025309958780489805
2026-06-09,India,New Delhi,39.3,38.9,23.0,1000.0,0.0,31.0,0.0,7.0,9.9,57.10000000000001,86.6625,-0.011208306544471802
2025-01-19,Belgium,Brussels,-0.9,-1.8,3.6,1023.0,0.0,93.0,75.0,1.1,0.3,57.10000000000001,63.825,-0.005315610279447935
2024-12-22,Mongolia,Ulaanbaatar,-2.099999999999996,-5.450000000000003,6.5,1030.0,0.0,81.0,8.0,10.0,0.0,57.10000000000001,86.6625,-0.015075365562022158
2024-06-16,Iraq,Baghdad,45.89999999999999,48.6,30.2,1000.0,0.0,7.0,0.0,10.0,11.0,21.4,69.5,-0.036998423840648
2025-01-08,Canada,Ottawa,-2.099999999999996,-5.450000000000003,24.5,1016.0,0.0,71.0,75.0,24.0,0.0,2.405,2.775,-0.010535173108317197
2025-06-05,Qatar,Doha,38.3,38.2,33.1,1004.0,0.0,20.0,0.0,10.0,10.8,57.10000000000001,86.6625,-0.007890110993782673
2026-01-25,Czech Republic,Prague,-1.8,-4.7,7.6,1003.0,0.0,93.0,100.0,0.7,0.0,43.65,48.45,-0.00565098263810393
2024-08-17,Qatar,Doha,39.3,47.8,3.6,998.0,0.0,48.0,0.0,9.0,9.0,46.2,64.6,-0.02554151395858173
2025-02-10,Latvia,Riga,-2.099999999999996,-5.450000000000003,6.1,1030.0,0.0,93.0,100.0,7.0,0.7,45.51,53.465,-0.01805106522228872
2024-12-28,Marshall Islands,Majuro,28.1,32.2,34.85000000000001,1012.0,0.0,79.0,100.0,24.0,0.0,8.325,12.765,-0.00394933279454579
2025-05-13,Kuwait,Kuwait City,42.2,48.6,9.7,1001.0,0.0,8.0,0.0,10.0,9.6,57.10000000000001,86.6625,-0.02755476932665002
2024-05-18,Chad,N'djamena,43.0,44.6,11.2,1004.0,0.0,6.0,0.0,6.0,10.0,30.8,86.6625,-0.020282187050695732
2025-01-13,Marshall Islands,Majuro,29.4,35.9,34.85000000000001,1011.0,0.03,75.0,100.0,24.0,0.0,18.5,28.12,-0.00717228820874205
2024-07-23,Iraq,Baghdad,45.8,49.3,22.3,998.0,0.0,10.0,0.0,10.0,11.0,21.5,86.6625,-0.021543852766884086
2024-12-28,Iran,Tehran,9.2,8.3,6.8,1017.0,0.05,57.0,75.0,6.0,0.7,57.10000000000001,86.6625,-0.005490066368776136
2024-12-27,Poland,Warsaw,1.0,-0.3,4.7,1030.0,0.0,100.0,100.0,1.7,0.5,57.10000000000001,86.6625,-0.06242384945914847
2025-05-06,India,New Delhi,34.3,32.8,13.7,1006.0,0.05,30.0,50.0,5.0,5.5,57.10000000000001,86.6625,-0.01660526707876253
2024-07-20,Chile,Santiago,2.1,1.5,3.6,1016.0,0.0,100.0,60.0,0.2,4.0,57.10000000000001,86.6625,-0.005647180407497121
2025-12-20,Romania,Bucharest,0.3,-2.7,9.0,1025.0,0.0,100.0,60.0,0.2,0.2,47.05,50.35,-0.008225630712919374
2025-06-14,India,New Delhi,41.1,41.6,3.6,999.0,0.0,38.0,50.0,4.0,6.0,57.10000000000001,86.6625,-0.028965883020346417
2024-06-20,Saudi Arabia,Riyadh,45.1,48.1,33.1,1003.0,0.0,3.0,0.0,5.0,10.0,20.1,68.8,-0.058704955296249084
2025-02-13,Belgium,Brussels,2.4,-1.2,13.7,1020.0,0.04,93.0,100.0,1.8,0.4,44.215,46.25,-0.0161578339677646
2025-07-07,Bahrain,Manama,37.1,45.4,30.6,998.0,0.0,22.0,0.0,6.0,10.8,57.10000000000001,86.6625,-0.05987145977897623
2025-07-16,Iraq,Baghdad,45.0,48.0,15.8,999.0,0.0,9.0,0.0,10.0,9.8,49.58,86.6625,-0.018516081564876496
2026-05-05,Cambodia,Phnom Penh,34.2,37.7,5.4,1007.0,0.05,44.0,92.0,2.0,4.3,57.10000000000001,64.15,-0.04580337700317927
2025-02-19,Iceland,Vestmannaeyjar,7.1,2.0,34.85000000000001,998.0,0.05,100.0,100.0,2.0,0.0,7.345,31.031,-0.027987595297658818
2025-07-17,Oman,Muscat,35.1,44.6,16.2,998.0,0.0,63.0,25.0,9.0,10.8,57.10000000000001,86.6625,-0.00697137759526123
2024-08-18,Saudi Arabia,Riyadh,45.6,49.0,20.9,999.0,0.0,7.0,11.0,10.0,11.0,26.2,61.5,-0.03736983703548258
2024-06-21,Saudi Arabia,Riyadh,45.3,48.5,31.0,1003.0,0.0,4.0,0.0,10.0,10.0,17.2,45.6,-0.023819645339649642
2025-06-23,Oman,Muscat,43.2,45.2,18.4,998.0,0.0,20.0,0.0,10.0,11.7,51.985,86.6625,-0.02552396466568141
2025-02-11,Sweden,Stockholm,-2.099999999999996,-4.1,3.6,1030.0,0.0,100.0,100.0,0.8,0.6,21.275,37.925,-0.026954485736318756
2025-08-18,United Arab Emirates,Abu Dhabi,42.3,44.3,9.4,999.0,0.0,27.0,0.0,10.0,10.5,57.10000000000001,86.6625,-0.01909442837386155
2026-01-23,Kyrghyzstan,Bishkek,-2.099999999999996,-5.450000000000003,12.2,1030.0,0.05,92.0,100.0,2.0,0.9,13.85,15.25,-0.023786485940417212
2024-06-08,India,New Delhi,38.2,37.3,16.9,1000.0,0.0,17.0,0.0,4.5,1.0,30.3,66.0,-0.005940642259836482
2026-01-10,Micronesia,Palikir,29.4,34.8,30.6,1007.0,0.01,79.0,100.0,24.0,0.0,5.55,7.75,-0.005525426475064599
2025-01-03,France,Paris,0.3,-1.3,5.0,1025.0,0.0,100.0,75.0,3.8,0.5,57.10000000000001,86.6625,-0.02740220162822915
2025-02-08,Canada,Ottawa,-2.099999999999996,-5.450000000000003,7.9,1023.0,0.0,79.0,25.0,24.0,0.0,7.03,7.4,-0.003437938299258314
2025-04-22,Vietnam,Hanoi,31.0,33.5,22.0,1005.0,0.05,75.0,75.0,6.0,1.1,57.10000000000001,86.6625,-0.015935706687204454
2026-02-05,Russia,Moscow,-2.099999999999996,-5.450000000000003,5.0,1026.0,0.0,84.0,25.0,1.8,0.3,57.10000000000001,85.15,-0.03482347766472349
2025-03-01,Canada,Ottawa,-2.099999999999996,-5.450000000000003,9.7,998.0,0.0,92.0,100.0,2.4,0.0,8.88,9.62,-0.0074363765181840735
2024-05-28,Kuwait,Kuwait City,42.0,43.0,20.2,1004.0,0.0,9.0,0.0,13.0,9.0,57.10000000000001,86.6625,-0.005461433741366539
2025-09-08,Qatar,Doha,44.2,46.6,27.4,1000.0,0.0,15.0,0.0,10.0,9.5,54.945,86.6625,-0.027170559490456325
2026-04-18,Cambodia,Phnom Penh,39.3,41.5,13.3,1006.0,0.0,27.0,46.0,10.0,10.5,57.10000000000001,86.6625,-0.0013350512889065413
2025-06-09,Sudan,Khartoum,40.1,40.1,25.9,1007.0,0.0,7.0,0.0,10.0,10.5,54.39,86.6625,-0.011466782441420076
2025-02-25,Bulgaria,Bogot,1.6,1.6,3.6,1025.0,0.01,98.0,100.0,0.0,0.4,57.10000000000001,71.595,-0.035544822187862146
2025-07-11,Chile,Santiago,1.3,-0.6,6.1,1019.0,0.0,100.0,0.0,3.0,0.0,57.10000000000001,80.845,-0.009228738208563292
2025-07-06,Djibouti,Djibouti,44.1,46.1,4.7,1004.0,0.0,29.0,0.0,8.0,10.4,51.245,86.6625,-0.020766087915301212
2024-11-12,Canada,Ottawa,2.4,-3.3,29.2,1012.0,0.0,87.0,75.0,24.0,0.0,0.555,0.925,-0.010857352589773384
2025-08-07,South Africa,Pretoria,8.1,7.4,5.8,1024.0,0.05,100.0,0.0,2.0,1.9,49.765,50.875,-0.025408694329362658
2026-05-14,Malaysia,Kuala Lumpur,34.3,46.0,6.1,1006.0,0.05,63.0,50.0,10.0,11.0,57.10000000000001,61.15,-0.026241754087280134
2025-05-03,Cambodia,Phnom Penh,28.3,28.9,23.4,1006.0,0.05,100.0,75.0,9.0,0.4,57.10000000000001,67.34,-0.002371580840098253
2024-07-29,United Arab Emirates,Abu Dhabi,34.4,48.3,24.8,998.0,0.0,72.0,2.0,10.0,8.0,57.10000000000001,86.6625,-0.02496828504533255
2026-01-30,Mongolia,Ulaanbaatar,-2.099999999999996,-5.450000000000003,4.0,1026.0,0.0,77.0,0.0,6.0,0.8,57.10000000000001,86.6625,-0.028471829121251457
2025-06-27,India,New Delhi,37.3,40.0,12.6,1000.0,0.0,48.0,75.0,5.0,6.1,55.5,86.6625,-0.015431579630333259
2025-06-12,Malaysia,Kuala Lumpur,35.2,44.4,9.0,1006.0,0.04,44.0,25.0,10.0,5.1,57.10000000000001,73.075,-0.004901778844435212
2025-06-04,Iran,Chi Chi Khvar,20.0,20.0,21.2,1007.0,0.05,27.0,71.0,10.0,10.6,31.08,86.6625,-0.011012989292526476
