country,location_name,latitude,longitude,temperature_celsius,precip_mm,humidity,air_quality_PM2.5
Afghanistan,Kabul,34.5167,69.1833,16.98611111111111,0.0061805555555555555,28.6875,20.46027777777778
Afghanistan,Kabul,34.52,69.18,28.1,0.003125,20.59375,12.2871875
Albania,Tirana,41.3275,19.8189,16.253956834532374,0.012302158273381296,60.32374100719424,15.172589928057553
Albania,Tirana,41.33,19.82,30.224242424242423,0.012727272727272728,41.666666666666664,9.541969696969696
Algeria,Algiers,36.76,3.05,28.47714285714286,0.00028571428571428574,49.74285714285714,12.979142857142856
Algeria,Algiers,36.7631,3.0506,18.569230769230767,0.009230769230769232,68.09401709401709,18.7791452991453
Andorra,Andorra La Vella,42.5,1.5167,5.908403361344539,0.011848739495798321,71.92436974789916,5.377394959586008
Andorra,Andorra La Vella,42.5,1.52,17.96764705882353,0.024705882352941178,52.8235294117647,2.3197058823529413
Angola,Luanda,-8.84,13.23,25.74375,0.0,69.28125,40.01796875
Angola,Luanda,-8.8383,13.2344,26.195419847328242,0.008320610687022901,76.08396946564885,23.642022897851376
Antigua and Barbuda,Saint John's,17.1167,-61.85,25.524193548387096,0.02241935483870968,79.66129032258064,12.639225806451613
Antigua and Barbuda,Saint John's,17.12,-61.85,28.831999999999997,0.0228,76.12,3.7522800000000003
Argentina,Buenos Aires,-34.59,-58.67,11.50344827586207,0.005517241379310345,78.03448275862068,11.098620689655172
Argentina,Buenos Aires,-34.5875,-58.6725,16.28527131782946,0.0065116279069767444,83.18604651162791,12.68313953488372
Armenia,Yerevan,40.18,44.51,31.891304347826086,0.005217391304347826,22.82608695652174,9.14695652173913
Armenia,Yerevan,40.1811,44.5136,14.004065040650406,0.01008130081300813,48.739837398373986,14.961382113821138
Australia,Canberra,-35.2833,149.2167,16.787301587301585,0.007380952380952381,59.96031746031746,8.217817460317459
Australia,Canberra,-35.28,149.22,5.67741935483871,0.0022580645161290325,82.25806451612904,3.729516129032258
Austria,Vienna,48.2,16.3667,9.828057553956834,0.00920863309352518,71.29496402877697,20.61456834600984
Austria,Vienna,48.2,16.37,24.3,0.009130434782608696,52.43478260869565,5.038913043478261
Azerbaijan,Baku,40.3953,49.8822,16.891304347826086,0.005478260869565217,64.15652173913044,18.50469565217391
Azerbaijan,Baku,40.4,49.88,27.192592592592593,0.003703703703703704,46.925925925925924,13.965925925925928
Bahamas,Nassau,25.08,-77.35,28.21470588235294,0.013235294117647059,78.1470588235294,4.424117647058824
Bahamas,Nassau,25.0833,-77.35,23.906201550387596,0.00124031007751938,82.49612403100775,9.54003875895064
Bahrain,Manama,26.2361,50.5831,28.72255639097744,0.00045112781954887224,51.2406015037594,50.75007518796993
Bahrain,Manama,26.24,50.58,37.00909090909091,0.0,47.59090909090909,40.845454545454544
Bangladesh,Dhaka,23.72,90.41,29.975757575757576,0.02575757575757576,74.39393939393939,19.68045454545455
Bangladesh,Dhaka,23.7231,90.4086,31.05877192982456,0.009649122807017544,39.68421052631579,46.74179824728715
Barbados,Bridgetown,13.1,-59.62,29.23548387096774,0.024516129032258065,78.0,3.064645161290323
Barbados,Bridgetown,13.1,-59.6167,26.572592592592596,0.03133333333333334,80.25925925925925,12.30963733187075
Belarus,Minsk,53.9,27.5667,6.9242187500000005,0.014843750000000001,78.7578125,13.918164061754942
Belarus,Minsk,53.9,27.57,23.410526315789475,0.02,55.26315789473684,4.496315789473685
Belgium,'S Gravenjansdijk,51.25,3.63,21.490909090909092,0.017272727272727273,62.0,8.26
Belgium,'S Gravenjansdijk,51.25,3.6333,12.17142857142857,0.010952380952380953,74.5079365079365,24.75166666666667
Belgium,'S Gravenstaffel,50.88,2.98,19.0,0.0,64.0,1.5
Belgium,'S-Gravenbrakel,50.6,4.1333,8.870000000000001,0.012,84.35,10.888874980926513
Belgium,Brussels,50.83,4.33,18.85185185185185,0.02666666666666667,69.85185185185185,7.7901851851851855
Belgium,Brussels,50.8333,4.3333,9.163703703703703,0.008666666666666668,80.99259259259259,19.47662962962963
Belize,Belmopan,17.25,-88.77,26.478125,0.0084375,92.28125,3.13265625
Belize,Belmopan,17.25,-88.7667,21.277241379310343,0.013862068965517243,96.22068965517241,7.764275863384378
Benin,Porto-Novo,6.48,2.62,28.5125,0.03375,72.95833333333333,5.296458333333333
Benin,Porto-Novo,6.4833,2.6167,28.073643410852714,0.01604651162790698,82.63565891472868,27.37701550387597
Bhutan,Thimphu,27.48,89.6,13.965625,0.0490625,91.8125,7.190625
Bhutan,Thimphu,27.4833,89.6,13.119736842105263,0.03335526315789474,54.75657894736842,9.514506580202204
Bolivia,National,-11.1833,-67.0833,22.16315789473684,0.013082706766917293,87.65413533834587,10.326842105263157
Bolivia,National,-11.18,-67.08,25.200000000000003,0.001153846153846154,53.11538461538461,17.62403846153846
Bolivia,Sucre,-19.0431,-65.2592,11.757936507936508,0.018253968253968255,78.37301587301587,6.52111111262488
Bolivia,Sucre,-19.04,-65.26,11.103703703703705,0.002962962962962963,59.0,8.802777777777779
Bosnia and Herzegovina,Sarajevo,43.85,18.38,27.270833333333332,0.015416666666666667,42.5,8.937708333333333
Bosnia and Herzegovina,Sarajevo,43.85,18.3833,9.999193548387098,0.01282258064516129,76.2741935483871,26.667379032258065
Botswana,Gaborone,-24.65,25.91,24.553333333333335,0.0003333333333333333,21.633333333333333,10.792166666666667
Botswana,Gaborone,-24.6464,25.9119,22.039849624060153,0.006090225563909775,59.015037593984964,17.985827067669174
Brazil,Bras,-2.0833,-58.1667,23.099999999999998,0.014672897196261683,88.83177570093459,10.06855140186916
Brazil,Bras,-2.08,-58.17,28.134615384615383,0.009230769230769232,65.23076923076923,5.482692307692308
Brunei Darussalam,Bandar Seri Begawan,4.88,114.93,27.473529411764705,0.034705882352941184,88.29411764705883,7.920147058823528
Brunei Darussalam,Bandar Seri Begawan,4.8833,114.9333,30.121951219512194,0.03536585365853659,73.17073170731707,17.21939024390244
Bulgaria,Bogot,43.3167,24.7,13.401785714285714,0.007410714285714286,58.25892857142857,19.360223214285714
Bulgaria,Bogot,43.32,24.7,31.15,0.0,26.272727272727273,6.396590909090909
Bulgaria,Lom,43.81,23.24,23.46666666666667,0.0033333333333333335,51.666666666666664,4.266666666666667
Bulgaria,Lom,43.8139,23.2361,10.166666666666666,0.0018750000000000001,76.58333333333333,17.401979166666667
Bulgaria,Sofia,42.68,23.32,26.685714285714283,0.016190476190476193,43.523809523809526,8.292142857142856
Bulgaria,Sofia,42.6833,23.3167,11.13076923076923,0.011692307692307693,68.21538461538462,23.798807692307694
Burkina Faso,Ouagadougou,12.37,-1.52,33.00833333333333,0.012083333333333335,53.208333333333336,8.4625
Burkina Faso,Ouagadougou,12.3703,-1.5247,26.875968992248062,0.002558139534883721,51.372093023255815,35.639224806201554
Burundi,Bujumbura,-3.38,29.36,27.572972972972973,0.014864864864864866,46.21621621621622,17.125945945945944
Burundi,Bujumbura,-3.3761,29.36,25.141984732824426,0.03717557251908397,66.23664122137404,24.791832059612712
Bélgica,Bern,51.1,4.75,17.4,0.05,63.0,1.8
Cambodia,Phnom Penh,11.55,104.9167,32.669924812030075,0.017142857142857144,54.83458646616541,29.554661657003532
Cambodia,Phnom Penh,11.55,104.92,29.76086956521739,0.01782608695652174,83.0,20.016304347826086
Cameroon,Aba,5.6,14.05,20.2,0.0,96.0,9.2
Cameroon,Bafoussam,5.47,10.42,22.35,0.05,79.5,2.45
Cameroon,Douala,4.0503,9.7,25.35263157894737,0.03280701754385965,96.29824561403508,20.814736842105265
Cameroon,Ngaoundere,7.3167,13.5833,25.720588235294116,0.012058823529411766,51.911764705882355,30.79933823529412
Cameroon,Ngaoundere,7.32,13.58,24.05,0.04035714285714286,73.57142857142857,3.98375
Cameroon,Ninga,4.3167,10.5167,22.7,0.03333333333333333,98.33333333333333,2.1999999999999997
Cameroon,Yaounde,3.87,11.52,31.0,0.03333333333333333,58.0,2.533333333333333
Canada,Ottawa,45.4167,-75.7,5.236842105263159,0.006776315789473684,82.1842105263158,10.659934210526316
Canada,Ottawa,45.42,-75.7,17.7375,0.017916666666666668,86.20833333333333,4.494166666666667
Cape Verde,Praia,14.93,-23.51,27.589473684210528,0.008421052631578947,69.73684210526316,10.098157894736843
Cape Verde,Praia,14.9315,-23.5125,23.063725490196077,0.003529411764705882,72.97058823529412,23.92137254901961
Central African Republic,Bangui,4.3667,18.5833,26.457723577235775,0.008048780487804878,77.00813008130082,28.871626019361543
Central African Republic,Bangui,4.37,18.58,30.045454545454547,0.022424242424242423,63.42424242424242,2.935909090909091
Chad,N'djamena,12.11,15.05,31.35,0.011363636363636364,62.40909090909091,12.26568181818182
Chad,N'djamena,12.1131,15.0492,28.37013888888889,0.0007638888888888889,35.548611111111114,40.9923263835907
Chile,Santiago,-33.45,-70.67,6.515625,0.0037500000000000003,83.0,56.155156250000005
Chile,Santiago,-33.45,-70.6667,11.845528455284553,0.001056910569105691,75.6829268292683,46.093943089430894
China,Beijing,39.9289,116.3883,17.226016260162602,0.004878048780487805,37.886178861788615,53.17747967479676
China,Beijing,39.93,116.39,25.13,0.013000000000000001,66.0,53.23800000000001
Comoros,Moroni,-11.7042,43.2403,27.243636363636366,0.027545454545454547,72.1,10.361363634629683
Comoros,Moroni,-11.7,43.24,25.326923076923077,0.024615384615384615,72.07692307692308,6.530961538461539
Congo,Brazzaville,-4.26,15.28,30.04137931034483,0.001724137931034483,53.93103448275862,19.198275862068964
Congo,Brazzaville,-4.2592,15.2847,25.287401574803148,0.008031496062992126,80.8740157480315,27.53555118110236
Costa Rica,San Andres,9.7333,-84.0833,16.0,0.0,94.66666666666667,8.233333333333334
Costa Rica,San Ignacio,9.8,-84.17,19.50952380952381,0.014761904761904763,86.33333333333333,15.583095238095238
Costa Rica,San Ignacio,9.8,-84.1667,18.850746268656717,0.010149253731343285,83.8955223880597,10.373805970149252
Costa Rica,San Jose,9.9333,-84.0833,19.077966101694912,0.008813559322033898,84.67796610169492,8.837457627118644
Costa Rica,San Juan,9.97,-84.08,24.0,0.03333333333333333,79.0,24.0
Cote d'Ivoire,Yamoussoukro,6.8167,-5.2833,23.04126984126984,0.0025396825396825397,91.31746031746032,9.48111111111111
Croatia,Zagreb,45.8,16.0,13.853594771241829,0.008627450980392158,72.31372549019608,20.841797385620914
Cuba,Havana,23.13,-82.36,25.821739130434782,0.0052173913043478265,89.91304347826087,6.356304347826087
Cuba,Havana,23.1319,-82.3642,21.79491525423729,0.0005084745762711864,92.44067796610169,9.555296610169492
Cyprus,Nicosia,35.1667,33.3667,22.11023622047244,0.005669291338582677,54.01574803149607,13.819685039370079
Cyprus,Nicosia,35.17,33.37,33.404347826086955,0.002173913043478261,37.30434782608695,11.174565217391304
Czech Republic,Prague,50.08,14.47,21.695833333333336,0.009583333333333334,59.916666666666664,7.9835416666666665
Czech Republic,Prague,50.0833,14.4667,9.676666666666668,0.010833333333333334,74.725,18.671708333333335
Democratic Republic of Congo,Kinshasa,-4.3,15.3,26.580555555555556,0.00951388888888889,72.70138888888889,22.521840277777777
Denmark,Copenhagen,55.6667,12.5833,9.550387596899224,0.014806201550387598,79.42635658914729,11.738643410852713
Denmark,Copenhagen,55.67,12.58,19.065,0.0185,63.65,5.051
Djibouti,Djibouti,11.595,43.1481,30.434453781512605,0.005630252100840337,56.924369747899156,29.92016806722689
Djibouti,Djibouti,11.6,43.15,36.76521739130435,0.009130434782608696,45.78260869565217,19.63086956521739
Dominica,Roseau,15.3,-61.4,26.47062937062937,0.03426573426573427,77.72727272727273,12.425139860139861
Dominican Republic,Santo Domingo,18.4667,-69.9,23.266911764705885,0.0065441176470588235,95.19852941176471,13.428713235294119
Dominican Republic,Santo Domingo,18.47,-69.9,26.77692307692308,0.011153846153846155,89.73076923076923,9.338461538461539
Ecuador,Quito,-0.22,-78.5,11.642307692307693,0.0038461538461538464,66.76923076923077,24.994615384615386
Ecuador,Quito,-0.2167,-78.5,10.126666666666667,0.020583333333333335,87.85833333333333,8.50625
Egypt,Cairo,30.05,31.25,26.030263157894737,0.00013157894736842105,42.36842105263158,32.398355268177234
El Salvador,San Salvador,13.7086,-89.2031,23.541463414634144,0.011788617886178862,84.52845528455285,20.12788617886179
El Salvador,San Salvador,13.71,-89.2,23.635483870967743,0.010967741935483872,93.58064516129032,17.802096774193547
Equatorial Guinea,Malabo,3.75,8.78,27.044,0.0432,85.76,2.4903999999999997
Equatorial Guinea,Malabo,3.75,8.7833,26.71825396825397,0.030793650793650797,88.45238095238095,13.342857142857143
Eritrea,Asmara,15.33,38.93,24.02,0.0225,38.3,19.6695
Eritrea,Asmara,15.3333,38.9333,20.556521739130435,0.0066956521739130435,45.06956521739131,21.20173913375191
Estonia,Tallinn,59.43,24.73,20.129032258064516,0.014838709677419355,61.225806451612904,5.705645161290323
Estonia,Tallinn,59.4339,24.7281,6.371052631578948,0.01631578947368421,78.35964912280701,8.357324561403509
Ethiopia,Addis Ababa,9.03,38.7,20.6030303030303,0.033030303030303035,60.27272727272727,17.32121212121212
Ethiopia,Addis Ababa,9.0333,38.7,19.180672268907564,0.012773109243697478,48.76470588235294,27.979915966386557
Fiji Islands,Suva,-18.1333,178.4167,25.2,0.03404761904761905,89.5,6.210674603174603
Fiji Islands,Suva,-18.13,178.42,22.553571428571427,0.031785714285714285,88.53571428571429,5.3655357142857145
Finland,Helsinki,60.1756,24.9342,7.414285714285715,0.015873015873015872,79.42063492063492,8.101507936507936
Finland,Helsinki,60.18,24.93,19.19333333333333,0.009666666666666667,63.1,4.636333333333334
France,Paris,48.8667,2.3333,11.222115384615384,0.009423076923076925,80.96153846153847,19.126538461538463
France,Paris,48.87,2.33,21.976470588235294,0.017352941176470592,58.14705882352941,6.759117647058823
Gabon,Libreville,0.38,9.45,27.975,0.021875000000000002,73.1875,10.81859375
Gabon,Libreville,0.3833,9.45,26.30462962962963,0.022037037037037036,86.27777777777777,15.245324074074075
Gambia,Banjul,13.45,-16.58,29.187878787878788,0.019393939393939394,71.0,11.247878787878788
Gambia,Banjul,13.4531,-16.5775,23.700757575757574,0.005227272727272728,71.43181818181819,31.716136363636362
Georgia,Tbilisi,41.725,44.7908,15.372,0.009519999999999999,59.936,14.53324
Georgia,Tbilisi,41.73,44.79,27.1,0.0018181818181818182,41.36363636363637,11.315681818181817
Germany,Berlin,52.5167,13.4,9.827350427350426,0.009572649572649574,76.73504273504274,16.982222222222223
Germany,Berlin,52.52,13.4,22.455555555555552,0.013703703703703704,53.111111111111114,5.975740740740741
Ghana,Accra,5.55,-0.22,28.32857142857143,0.017857142857142856,73.39285714285714,6.384821428571429
Ghana,Accra,5.55,-0.2167,27.094285714285714,0.01,85.2,17.505666666666666
Greece,Athens,37.9795,23.7162,19.599137931034484,0.005431034482758621,52.78448275862069,17.532370689655174
Greece,Athens,37.98,23.72,32.792857142857144,0.0,28.928571428571427,10.350178571428572
Grenada,Saint George's,12.05,-61.75,27.157432432432433,0.02641891891891892,82.62837837837837,12.534385137712633
Guatemala,Guatemala City,14.62,-90.53,17.895,0.009,94.0,42.408500000000004
Guatemala,Guatemala City,14.6211,-90.5269,16.994017094017092,0.012478632478632479,89.53846153846153,25.713461541721962
Guinea,Conakry,9.5092,-13.7122,25.746923076923075,0.011923076923076923,83.13846153846154,30.20996153846154
Guinea,Conakry,9.51,-13.71,27.70740740740741,0.036666666666666674,81.81481481481481,3.5818518518518516
Guinea-Bissau,Bissau,11.85,-15.5833,24.866935483870968,0.010080645161290322,75.35483870967742,35.64334677419355
Guinea-Bissau,Bissau,11.85,-15.58,30.09333333333333,0.022333333333333334,69.33333333333333,7.386833333333333
Guyana,Georgetown,6.8,-58.17,26.824,0.034,87.52,10.5146
Guyana,Georgetown,6.8,-58.1667,24.212280701754384,0.03403508771929825,96.29824561403508,10.321403508771931
Haiti,Port-Au-Prince,18.5392,-72.335,19.716666666666665,0.0,88.78333333333333,37.02195834604899
Haiti,Port-Au-Prince,18.54,-72.34,29.055999999999997,0.0044,72.52,10.525799999999998
Honduras,Tegucigalpa,14.1,-87.22,20.35483870967742,0.01064516129032258,90.19354838709677,6.033064516129032
Honduras,Tegucigalpa,14.1,-87.2167,19.23821138211382,0.012439024390243903,85.45528455284553,13.058861788617886
Hungary,Bogot,47.25,16.8333,10.542424242424241,0.004545454545454546,76.0909090909091,11.458939393939394
Hungary,Budapest,47.5,19.08,26.46923076923077,0.006153846153846154,45.42307692307692,6.96326923076923
Hungary,Budapest,47.5,19.0833,11.403007518796992,0.004887218045112782,66.48872180451127,21.484962406015036
Iceland,Abaer,65.3,-18.8667,9.3,0.025,79.0,2.95
Iceland,Grindavik,63.83,-22.43,8.742857142857144,0.01,70.85714285714286,1.0857142857142856
Iceland,Reykjavik,64.15,-21.95,2.8763636363636373,0.01890909090909091,73.52727272727273,3.3530909090909087
Iceland,Vestmannaeyjar,63.365,-20.2075,5.798507462686567,0.023880597014925373,79.01492537313433,4.465925373134328
Iceland,Vestmannaeyjar,63.37,-20.21,9.261111111111111,0.02,86.16666666666667,1.8279444444444444
India,New Delhi,28.6,77.2,30.571052631578947,0.005723684210526317,43.776315789473685,54.712664473684214
Indonesia,Jakarta,-6.2146,106.8451,30.77285714285714,0.023357142857142858,68.79285714285714,53.731035714285724
Indonesia,Jakarta,-6.21,106.85,28.75909090909091,0.029545454545454545,71.54545454545455,57.100000000000016
Indonesia,Laos,-8.1826,114.3188,27.455932203389832,0.04161016949152543,75.76271186440678,25.274830510090975
Indonesia,Laos,-8.18,114.32,22.33,0.03333333333333333,89.03333333333333,17.78033333333333
Indonesia,Surabaya,-7.25,112.75,27.7,0.0,74.0,13.6
Iran,Chi Chi Khvar,36.26,46.59,27.88125,0.0015625,21.0625,12.581875
Iran,Chi Chi Khvar,36.2625,46.59,15.014035087719298,0.005877192982456141,35.98245614035088,23.518333333333334
Iran,Tehran,35.7261,51.3304,19.546715328467155,0.005036496350364964,27.89051094890511,48.964051094890515
Iran,Tehran,35.73,51.33,32.61290322580645,0.0016129032258064516,16.774193548387096,20.59032258064516
Iraq,Baghdad,33.3386,44.3939,23.59561403508772,0.0035087719298245615,39.12280701754386,33.620657894736844
Iraq,Baghdad,33.34,44.39,42.3516129032258,0.0,12.64516129032258,20.886935483870968
Ireland,Dublin,53.33,-6.25,16.3,0.0262962962962963,66.70370370370371,4.130370370370371
Ireland,Dublin,53.3331,-6.2489,10.07348484848485,0.014015151515151515,85.8409090909091,11.08155303030303
Israel,Jerusalem,31.78,35.23,23.1487012987013,0.004090909090909091,49.58441558441559,20.69224025974026
Italy,Rome,41.9,12.48,29.650000000000002,0.002777777777777778,44.111111111111114,8.21638888888889
Italy,Rome,41.9,12.4833,15.971794871794872,0.00905982905982906,74.1025641025641,18.49200854700855
Jamaica,Kingston,18.0,-76.8,26.150980392156864,0.0,77.6078431372549,11.42
Jamaica,Norman Gardens,17.97,-76.75,31.15,0.0,69.5,6.7
Jamaica,Port Royal,17.93,-76.85,28.34166666666667,0.0,80.25,12.004583333333334
Jamaica,Port Royal,17.9333,-76.85,26.52151898734177,0.0018987341772151902,78.82278481012658,15.013101265822787
Japan,Tokyo,35.6895,139.6917,18.121008403361344,0.010756302521008404,56.563025210084035,37.853781512605046
Japan,Tokyo,35.69,139.69,25.177272727272726,0.015000000000000001,79.18181818181819,25.373409090909092
Jemen,Sanaa,15.35,44.21,26.1,0.05,34.0,25.0
Jordan,Amman,31.95,35.93,30.880000000000003,0.0,31.85,14.971
Jordan,Amman,31.95,35.9333,19.176190476190477,0.003333333333333333,44.72108843537415,22.679285714285715
Kazakhstan,Astana,51.18,71.43,19.50357142857143,0.013928571428571429,54.357142857142854,3.8137499999999998
Kazakhstan,Astana,51.1811,71.4278,8.706422018348626,0.008532110091743119,62.69724770642202,13.294266055045872
Kenya,Nairobi,-1.2833,36.8167,20.599999999999998,0.014754098360655738,64.6639344262295,20.775901639344262
Kenya,Nairobi,-1.28,36.82,22.379166666666666,0.025000000000000005,54.333333333333336,19.16625
Kiribati,Tarawa,-0.8833,169.5333,27.973913043478262,0.016782608695652176,74.34782608695652,10.947652173913044
Kiribati,Tarawa,-0.88,169.53,28.563636363636363,0.024090909090909093,74.31818181818181,5.3825
Kuwait,Kuwait City,29.3667,47.96,28.525,0.0017187500000000002,28.4140625,55.90796875000001
Kuwait,Kuwait City,29.37,47.96,42.40882352941176,0.0,16.11764705882353,32.40367647058824
Kyrghyzstan,Bishkek,42.87,74.6,24.660714285714285,0.021428571428571432,41.642857142857146,5.591785714285714
Kyrghyzstan,Bishkek,42.8731,74.6003,14.947747747747748,0.012792792792792794,48.91891891891892,22.285000001718334
Latvia,Riga,56.95,24.1,10.467808219178082,0.012945205479452056,75.22602739726027,13.574863014351832
Lebanon,Beirut,33.87,35.51,28.926470588235293,0.0023529411764705885,62.88235294117647,18.31720588235294
Lebanon,Beirut,33.8719,35.5097,21.832824427480915,0.010763358778625956,60.13740458015267,31.378320607775038
Lesotho,Maseru,-29.32,27.48,18.844444444444445,0.0030555555555555557,25.88888888888889,10.873194444444444
Lesotho,Maseru,-29.3167,27.4833,19.34198473282443,0.00801526717557252,49.76335877862596,20.618015267175572
Letonia,Riga,56.95,24.1,20.6,0.05,94.0,2.5
Liberia,Monrovia,6.31,-10.8,27.659259259259258,0.04333333333333334,81.66666666666667,2.713888888888889
Liberia,Monrovia,6.3106,-10.8047,25.56640625,0.027421875000000002,89.8359375,21.59734375
Libya,Tripoli,32.89,13.18,27.0,0.0,74.0,38.8
Libya,Tripoli,32.8925,13.18,25.7,0.0,55.0,12.8
Liechtenstein,Vaduz,47.13,9.52,19.918518518518518,0.02592592592592593,62.74074074074074,3.2301851851851855
Liechtenstein,Vaduz,47.1333,9.5167,8.215267175572519,0.013358778625954198,85.20610687022901,8.475992366412214
Lithuania,Vilnius,54.68,25.32,22.69333333333333,0.014000000000000002,54.6,4.3068333333333335
Lithuania,Vilnius,54.6833,25.3167,7.0434426229508205,0.011147540983606558,78.15573770491804,12.784303279861076
Luxembourg,Luxembourg,49.61,6.13,18.773333333333333,0.03066666666666667,65.96666666666667,4.9141666666666675
Luxembourg,Luxembourg,49.6117,6.13,8.562385321100917,0.012110091743119267,81.60550458715596,15.850183486238533
Macedonia,Skopje,42.0,21.43,29.788,0.016800000000000002,40.56,8.4718
Macedonia,Skopje,42.0,21.4333,12.572033898305085,0.007627118644067797,68.23728813559322,26.947372881355932
Madagascar,Antananarivo,-18.92,47.52,23.29642857142857,0.002142857142857143,44.607142857142854,7.5633928571428575
Madagascar,Antananarivo,-18.9167,47.5167,23.795348837209303,0.008914728682170544,55.96124031007752,7.462751937984496
Madagascar,Ivory,-24.37,46.45,26.846666666666668,0.0006666666666666666,34.63333333333333,2.771166666666667
Madagascar,Ivory,-24.3667,46.45,29.450819672131146,0.009344262295081968,40.49180327868852,7.354508196721311
Malawi,Lilongwe,-13.9833,33.7833,23.651908396946567,0.015648854961832062,61.64885496183206,10.879007633587786
Malawi,Lilongwe,-13.98,33.78,24.846153846153847,0.0019230769230769232,35.80769230769231,6.9653846153846155
Malaysia,Kuala Lumpur,3.1667,101.7,31.400793650793652,0.03920634920634921,65.08730158730158,40.93230158730159
Malaysia,Kuala Lumpur,3.17,101.7,28.573076923076922,0.021153846153846155,78.84615384615384,47.211730769230776
Maldives,Dhidhdhoo,6.88,73.1,28.158823529411762,0.029411764705882353,77.70588235294117,5.4929411764705875
Maldives,Dhidhdhoo,6.8833,73.1,27.872340425531913,0.020354609929078015,74.48936170212765,13.322710495820283
Maldives,Felidhoo,3.48,73.53,28.74,0.026000000000000002,81.2,2.0
Maldives,Male,4.1667,73.5,28.3,0.05,80.0,2.8
Maldives,Male,4.17,73.5,28.8,0.02,81.0,1.5
Mali,Bamako,12.65,-8.0,26.489403973509933,0.004834437086092716,56.64238410596027,26.437384105960266
Malta,Valletta,35.8997,14.5147,19.360902255639097,0.010375939849624061,70.67669172932331,11.068082706766917
Malta,Valletta,35.9,14.51,28.816129032258065,0.0012903225806451613,59.483870967741936,27.583870967741937
Marshall Islands,Majuro,7.1,171.38,28.46206896551724,0.032758620689655175,80.13793103448276,2.2044827586206894
Marshall Islands,Majuro,7.1,171.3833,28.13125,0.028333333333333335,81.38194444444444,7.665590277777778
Mauritania,Nouakchott,18.0864,-15.9753,22.875714285714285,0.0013571428571428571,54.6,43.276357142857144
Mauritania,Nouakchott,18.09,-15.98,26.6,0.003125,63.84375,30.70921875
Mauritius,Port Louis,-20.1619,57.4989,27.58294573643411,0.02232558139534884,69.27906976744185,8.60484495828318
Mauritius,Port Louis,-20.16,57.5,23.313333333333333,0.023333333333333334,70.9,3.625333333333333
Mexico,Mexico City,19.4285,-99.1277,13.990579710144928,0.0018840579710144927,67.21014492753623,41.74340579710145
Mexico,Mexico City,19.43,-99.13,16.37837837837838,0.01810810810810811,76.1891891891892,22.458243243243246
Micronesia,Palikir,6.9167,158.15,28.536936936936936,0.025945945945945948,81.85585585585585,7.675810810810811
Micronesia,Palikir,6.92,158.15,27.138461538461538,0.02230769230769231,84.92307692307692,1.323846153846154
Monaco,Monaco,43.73,7.42,25.82903225806452,0.005806451612903225,67.3225806451613,7.586935483870968
Monaco,Monaco,43.7333,7.4167,16.58134328358209,0.009925373134328359,64.66417910447761,9.277014925373136
Mongolia,Ulaanbaatar,47.9167,106.9167,7.980172413793105,0.0049137931034482765,44.76724137931034,16.534741379310343
Mongolia,Ulaanbaatar,47.92,106.92,16.227777777777778,0.008611111111111111,59.388888888888886,7.586805555555555
Montenegro,Podgorica,42.44,19.26,31.951724137931034,0.009310344827586208,39.241379310344826,8.587931034482759
Montenegro,Podgorica,42.4411,19.2636,16.268888888888892,0.011851851851851853,62.837037037037035,16.582555556968405
Morocco,Rabat,34.0253,-6.8361,17.2970802919708,0.006715328467153285,83.23357664233576,16.22675182481752
Morocco,Rabat,34.03,-6.84,24.517241379310345,0.0006896551724137932,64.55172413793103,8.828793103448277
Mozambique,Maputo,-25.97,32.59,25.63076923076923,0.0038461538461538464,52.5,13.301730769230769
Mozambique,Maputo,-25.9653,32.5892,25.523076923076925,0.009923076923076923,68.1076923076923,11.338115384615383
Myanmar,Abazu,17.6167,96.7333,27.2,0.05,86.0,10.2
Myanmar,Namawbin,24.2333,95.4833,29.24,0.04,76.0,8.239999999999998
Myanmar,Pathein,16.78,94.73,28.933333333333334,0.016666666666666666,77.66666666666667,1.9333333333333333
Myanmar,Rangoon,16.78,96.17,28.266666666666666,0.016666666666666666,88.66666666666667,7.1000000000000005
Myanmar,Rangoon,16.7833,96.1667,32.064,0.013800000000000002,63.1,32.8034
Myanmar,Yangon,16.78,96.17,28.02,0.042666666666666665,89.6,10.560333333333334
Myanmar,Yangon,16.7833,96.1667,31.23225806451613,0.025967741935483873,69.20967741935483,32.76241935483871
Namibia,Windhoek,-22.5717,17.0822,20.011206896551727,0.0033620689655172414,45.86206896551724,6.214698275862069
Namibia,Windhoek,-22.57,17.08,22.883333333333333,0.0,15.133333333333333,5.5841666666666665
Nepal,Kathmandu,27.7167,85.3167,22.936764705882354,0.021470588235294116,53.11029411764706,40.78830882352941
Nepal,Kathmandu,27.72,85.32,24.66774193548387,0.031612903225806455,78.06451612903226,22.239516129032257
Netherlands,Amsterdam,52.37,4.89,18.4,0.023333333333333334,70.5,8.055555555555555
Netherlands,Amsterdam,52.374,4.8897,10.568794326241136,0.012056737588652484,79.29078014184397,18.36255319148936
New Zealand,Wellington,-41.3,174.78,11.049999999999999,0.016785714285714286,77.67857142857143,3.148392857142857
New Zealand,Wellington,-41.3,174.7833,14.70514705882353,0.012720588235294117,77.80147058823529,7.747463235294117
Nicaragua,Managua,12.15,-86.27,24.670588235294115,0.006470588235294118,91.17647058823529,8.608235294117648
Nicaragua,Managua,12.1508,-86.2683,24.15603448275862,0.006206896551724138,82.5,9.240689655172414
Niger,Niamey,13.5167,2.1167,30.266197183098594,0.0007042253521126761,39.014084507042256,37.11732394366197
Niger,Niamey,13.52,2.12,32.887499999999996,0.004166666666666667,50.958333333333336,12.857291666666667
Niger,Niamey,13.6667,1.7833,26.164788732394367,0.0,44.71830985915493,23.98281690140845
Nigeria,Abuja,9.1758,7.1808,26.627868852459017,0.00860655737704918,67.59016393442623,40.48200819359452
Nigeria,Abuja,9.18,7.18,28.108571428571427,0.03142857142857143,74.48571428571428,7.271000000000001
North Korea,Pyongyang,39.0194,125.7547,12.377551020408163,0.00816326530612245,56.673469387755105,31.854319733081223
North Korea,Pyongyang,39.02,125.75,22.253333333333334,0.011000000000000001,79.13333333333334,26.1075
Norway,Oslo,59.9167,10.75,7.652892561983471,0.010247933884297521,78.61157024793388,11.415454545454546
Norway,Oslo,59.92,10.75,16.282142857142855,0.023214285714285715,70.32142857142857,3.8971428571428572
Oman,Muscat,23.61,58.59,35.00645161290323,0.0,51.903225806451616,37.513064516129035
Oman,Muscat,23.6133,58.5933,32.23059701492537,0.00037313432835820896,49.40298507462686,32.960261194029854
Pakistan,Islamabad,33.7,73.1667,27.60747663551402,0.00822429906542056,29.485981308411215,41.72598130841122
Pakistan,Islamabad,33.7,73.17,33.39411764705883,0.01,43.05882352941177,39.07735294117647
Palau,Aakip,7.3619,134.5122,31.25,0.030000000000000002,73.0,3.55
Palau,Adkip,7.36,134.51,26.2,0.045,89.0,0.5
Palau,Airai,7.3575,134.5578,28.172307692307694,0.030615384615384614,82.3076923076923,6.216
Palau,Airai,7.36,134.56,26.657142857142855,0.030000000000000002,88.28571428571429,5.340714285714285
Palau,Koror,7.33,134.48,27.52857142857143,0.030000000000000002,80.57142857142857,0.5714285714285714
Palau,Koror,7.3333,134.4833,29.119444444444444,0.029166666666666667,77.38888888888889,5.201805555555556
Panama,Panama City,8.9667,-79.5333,25.188970588235293,0.01772058823529412,89.86029411764706,7.404963235294118
Panama,Panama City,8.97,-79.53,26.41,0.02866666666666667,90.03333333333333,8.251666666666667
Papua New Guinea,Port Moresby,-9.4647,147.1925,27.31700680272109,0.033129251700680276,80.76190476190476,9.34139455782313
Papua New Guinea,Port Moresby,-9.46,147.19,25.028000000000002,0.0148,86.12,5.6814
Paraguay,Aguaray,-19.85,-58.5167,23.575,0.01340909090909091,69.70454545454545,8.85875
Paraguay,Aurora,-23.4333,-61.3333,19.747619047619047,0.007777777777777778,70.77777777777777,7.914888888888889
Paraguay,Aurora,-23.43,-61.33,19.70952380952381,0.002380952380952381,47.38095238095238,21.728476190476194
Paraguay,Carreria,-21.55,-58.12,30.7,0.0,30.0,17.8
Paraguay,Carreria,-21.55,-58.1167,24.1,0.025,84.5,2.65
Paraguay,Garrapata,-19.7,-58.7167,22.38823529411765,0.0029411764705882353,66.3529411764706,8.204941176470589
Paraguay,Pasto,-19.45,-61.15,27.0,0.0,40.0,5.680000000000001
Paraguay,Sartorio,-21.9833,-58.4333,21.316666666666666,0.008333333333333333,78.66666666666667,7.402
Peru,Lima,-12.05,-77.05,18.23409090909091,0.004204545454545455,84.05113636363636,22.62198863636364
Philippines,Manila,14.6,120.98,29.123809523809523,0.0380952380952381,81.28571428571429,31.393333333333334
Philippines,Manila,14.6042,120.9822,30.584892086330935,0.02158273381294964,68.86330935251799,25.216007194244604
Poland,Warsaw,52.25,21.0,11.779041916167666,0.008023952095808383,68.52694610778443,21.94550898203593
Portugal,Lisbon,38.7167,-9.1333,14.841666666666667,0.012750000000000001,80.63333333333334,17.394791666666666
Portugal,Lisbon,38.72,-9.13,24.592857142857145,0.0010714285714285715,58.464285714285715,7.551428571428572
Qatar,Doha,25.2867,51.5333,30.690322580645162,0.00024193548387096774,40.24193548387097,46.035403225806455
Qatar,Doha,25.29,51.53,39.982142857142854,0.0,33.57142857142857,42.08553571428571
Romania,Bucharest,44.43,26.1,31.363636363636363,0.002272727272727273,30.863636363636363,8.684772727272728
Romania,Bucharest,44.4333,26.1,11.624626865671642,0.005298507462686568,70.72388059701493,26.447985074626867
Russia,Chi-Chi-Erh,51.7,94.45,2.700000000000002,0.0,64.5,7.5
Russia,Lom,59.13,44.3,20.95,0.0,55.0,3.6
Russia,Moscow,55.75,37.62,22.573913043478264,0.00956521739130435,48.0,12.705000000000002
Russia,Moscow,55.7522,37.6156,7.748275862068966,0.013706896551724138,75.37068965517241,39.92344827586207
Rwanda,Kigali,-1.9536,30.0606,22.361475409836064,0.025901639344262296,68.4672131147541,27.97217213114754
Rwanda,Kigali,-1.95,30.06,27.94193548387097,0.008387096774193548,34.58064516129032,15.44774193548387
Saint Kitts and Nevis,Basseterre,17.3,-62.72,29.29047619047619,0.01904761904761905,74.38095238095238,3.0545238095238094
Saint Kitts and Nevis,Basseterre,17.3,-62.7167,26.236220472440944,0.024488188976377955,79.56692913385827,10.33215748331866
Saint Lucia,Castries,14.0,-61.0,27.007236842105264,0.02598684210526316,80.09868421052632,11.039618421052632
Saint Vincent and the Grenadines,Kingstown,13.13,-61.22,29.017857142857142,0.02,75.89285714285714,3.5332500000000002
Saint Vincent and the Grenadines,Kingstown,13.1333,-61.2167,26.87727272727273,0.025909090909090913,77.74242424242425,12.384524998751553
Samoa,Apia,-13.8333,-171.7333,26.48165137614679,0.033853211009174315,86.5229357798165,5.723394497162705
Samoa,Apia,-13.83,-171.73,25.22121212121212,0.03272727272727273,87.21212121212122,3.5316666666666667
San Marino,City Of San Marino,43.93,12.45,31.3,0.0,55.0,14.3
San Marino,San Marino,43.93,12.45,26.483333333333334,0.005333333333333333,61.166666666666664,10.990933333333334
San Marino,San Marino,43.9333,12.45,14.137037037037038,0.011481481481481481,73.47407407407407,16.910895925592495
Saudi Arabia,Riyadh,24.64,46.77,42.935483870967744,0.0,6.870967741935484,29.914032258064516
Saudi Arabia,Riyadh,24.6408,46.7728,28.22962962962963,0.001037037037037037,20.94074074074074,54.755962962962975
Senegal,Dakar,14.67,-17.44,28.3625,0.012083333333333335,76.45833333333333,12.044166666666667
Senegal,Dakar,14.6708,-17.4381,23.09430894308943,0.004227642276422764,80.26829268292683,34.401910569105695
Serbia,Belgrade,44.8,20.47,28.91,0.0016666666666666668,37.3,8.4665
Serbia,Belgrade,44.804,20.4651,11.866165413533835,0.006616541353383459,69.09774436090225,27.12417293233083
Seychelles Islands,Victoria,-4.62,55.45,27.46451612903226,0.01806451612903226,80.83870967741936,6.134516129032258
Seychelles Islands,Victoria,-4.6167,55.45,29.166923076923077,0.01823076923076923,73.72307692307692,8.589346153846154
Sierra Leone,Freetown,8.49,-13.2342,25.731297709923666,0.013969465648854963,80.9618320610687,27.701488549618322
Sierra Leone,Freetown,8.49,-13.23,27.6375,0.042916666666666665,79.45833333333333,4.027708333333334
Singapore,Singapore,1.29,103.86,28.968571428571426,0.015714285714285715,74.17142857142858,22.51757142857143
Singapore,Singapore,1.2931,103.8558,30.450806451612905,0.03612903225806452,66.26612903225806,21.69826612903226
Slovakia,Bratislava,48.15,17.1167,11.397619047619047,0.006904761904761905,70.57142857142857,19.18892857142857
Slovakia,Bratislava,48.15,17.12,24.68095238095238,0.010952380952380953,51.904761904761905,4.6847619047619045
Slovenia,Ljubljana,46.0553,14.5144,9.709836065573771,0.013196721311475411,76.54098360655738,29.36172131147541
Slovenia,Ljubljana,46.06,14.51,25.565384615384616,0.03307692307692308,55.03846153846154,6.508269230769231
Solomon Islands,Honiara,-9.4333,159.95,27.877777777777776,0.03256410256410257,83.14529914529915,3.0211538461538465
Solomon Islands,Honiara,-9.43,159.95,25.5962962962963,0.013703703703703704,88.11111111111111,2.8411111111111107
Somalia,Mogadishu,2.0667,45.3667,28.858730158730157,0.006587301587301588,75.34920634920636,12.604007936507937
Somalia,Mogadishu,2.07,45.37,28.4875,0.01375,76.0,5.0808333333333335
South Africa,Pretoria,-25.75,28.19,21.87857142857143,0.0,24.142857142857142,25.879285714285714
South Africa,Pretoria,-25.7469,28.188,19.14,0.007666666666666667,60.358333333333334,31.215500000000002
South Korea,Seoul,37.5664,126.9997,15.57175572519084,0.005267175572519084,54.93129770992366,40.36244274809161
South Korea,Seoul,37.57,127.0,24.85,0.010454545454545454,77.4090909090909,27.86704545454546
Spain,Madrid,40.4,-3.6833,12.80151515151515,0.00787878787878788,70.78787878787878,17.146628784266387
Spain,Madrid,40.4,-3.68,29.900000000000002,0.0,28.482758620689655,3.943793103448276
Sri Lanka,Colombo,6.93,79.85,28.837500000000002,0.042083333333333334,81.04166666666667,4.288958333333333
Sri Lanka,Colombo,6.9319,79.8478,30.293478260869566,0.03297101449275362,73.04347826086956,27.58981884057971
Sudan,Juba,12.15,24.45,28.334426229508196,0.001366120218579235,29.704918032786885,34.85530054644809
Sudan,Khartoum,15.5881,32.5342,29.905970149253733,0.0,25.171641791044777,37.13716417910448
Sudan,Khartoum,15.59,32.53,37.61666666666667,0.001388888888888889,28.166666666666668,24.800416666666663
Suriname,Paramaribo,5.83,-55.17,26.47083333333333,0.014583333333333335,85.125,3.8775
Suriname,Paramaribo,5.8333,-55.1667,23.734126984126984,0.024682539682539684,95.45238095238095,10.84154761904762
Swaziland,Mbabane,-26.32,31.13,22.900000000000002,0.005,33.208333333333336,24.092083333333335
Swaziland,Mbabane,-26.3167,31.1333,20.923423423423422,0.01144144144144144,63.549549549549546,17.885180180180182
Sweden,Stockholm,59.33,18.05,20.49375,0.006875,48.6875,2.4803125
Sweden,Stockholm,59.3333,18.05,7.465714285714286,0.009428571428571429,77.5,7.506035715648107
Switzerland,Bern,46.9167,7.4667,7.53923076923077,0.01276923076923077,84.71538461538462,13.618961538461537
Switzerland,Bern,46.92,7.47,22.508333333333336,0.02291666666666667,59.916666666666664,4.5095833333333335
Switzerland,S-Chanf,46.6167,9.9833,1.8714285714285737,0.015714285714285715,84.57142857142857,3.709857142857143
Syria,Damascus,33.5,36.3,21.131007751937986,0.0014728682170542637,42.07751937984496,22.73437984200411
Tajikistan,Dushanbe,38.56,68.77,30.964864864864865,0.00891891891891892,26.62162162162162,10.474729729729729
Tajikistan,Dushanbe,38.56,68.7739,20.04308943089431,0.011626016260162603,42.447154471544714,20.345731705766383
Tanzania,Dodoma,-6.1833,35.75,24.423853211009174,0.01110091743119266,59.42201834862385,10.337339449541284
Tanzania,Dodoma,-6.18,35.75,27.983333333333334,0.0,32.5,6.089375
Thailand,Bangkok,13.75,100.5167,32.43692307692308,0.010692307692307694,51.90769230769231,30.05373076923077
Thailand,Bangkok,13.75,100.52,30.093548387096774,0.011290322580645162,71.19354838709677,28.681290322580644
Thailand,Nan,18.78,100.78,27.554166666666664,0.037083333333333336,86.41666666666667,5.4156249999999995
Thailand,Nan,18.7833,100.7833,31.35818181818182,0.019454545454545457,52.63636363636363,25.574318182685158
Timor-Leste,Dili,-8.56,125.57,24.3375,0.003125,75.875,2.606875
Timor-Leste,Dili,-8.5586,125.5736,26.82820512820513,0.03504273504273505,75.48717948717949,8.511794871794871
Tonga,Nuku'alofa,-21.1333,-175.2,22.4,0.0,83.0,8.8
Tonga,Nuku`Aloia,-21.1333,-175.2,24.15909090909091,0.023257575757575758,86.88636363636364,10.02344696969697
Tonga,Nuku`Aloia,-21.13,-175.2,22.059375,0.0209375,83.5625,5.1401562499999995
Trinidad and Tobago,Port Of Spain,10.65,-61.52,28.16,0.027333333333333334,82.26666666666667,1.7426666666666668
Trinidad and Tobago,Port Of Spain,10.65,-61.5167,24.472868217054263,0.017286821705426357,90.0077519379845,10.610782945736434
Tunisia,Tunis,36.8,10.18,30.58055555555556,0.003333333333333333,44.97222222222222,13.773055555555555
Tunisia,Tunis,36.8028,10.1797,18.56830985915493,0.006126760563380282,75.22535211267606,18.905915487584934
Turkey,Ankara,39.9272,32.8644,12.86590909090909,0.008181818181818182,59.303030303030305,26.91780303030303
Turkey,Ankara,39.93,32.86,28.882608695652173,0.0034782608695652175,30.91304347826087,8.977608695652174
Turkey,Yaren,39.55,27.6167,14.337007874015748,0.012283464566929135,72.7244094488189,22.69118110161128
Turkey,Yaren,39.55,27.62,29.585714285714282,0.004761904761904762,37.857142857142854,10.77142857142857
Turkmenistan,Ashgabat,37.95,58.38,32.25416666666667,0.0033333333333333335,23.833333333333332,11.164166666666667
Turkmenistan,Ashgabat,37.95,58.3833,20.50814814814815,0.004222222222222223,42.02962962962963,21.046
Tuvalu,Funafuti,-8.52,179.22,28.386206896551727,0.03103448275862069,84.06896551724138,2.5075862068965518
Tuvalu,Funafuti,-8.5167,179.2167,29.081147540983608,0.02516393442622951,80.49180327868852,6.9922540975789556
Uganda,Kampala,0.3156,32.5656,25.214754098360654,0.01729508196721312,67.29508196721312,33.631475408272664
Uganda,Kampala,0.32,32.57,26.611904761904764,0.009761904761904763,54.04761904761905,10.440714285714286
Ukraine,Kyiv,50.43,30.52,26.762962962962963,0.005925925925925926,34.888888888888886,7.488518518518519
Ukraine,Kyiv,50.4333,30.5167,9.667241379310346,0.010862068965517242,66.66379310344827,15.770258621100723
United Arab Emirates,Abu Dhabi,24.4667,54.3667,31.008053691275165,0.0004026845637583893,44.38255033557047,45.91063758901302
United Arab Emirates,Abu Dhabi,24.47,54.37,36.746875,0.0,50.09375,43.978125000000006
United Kingdom,London,51.5171,-0.1062,10.45958904109589,0.011849315068493151,83.33561643835617,15.35010273972603
United Kingdom,London,51.52,-0.11,20.45,0.019545454545454546,57.59090909090909,5.821590909090909
United States of America,New York,40.7142,-74.0064,19.4,0.0,34.0,13.0
United States of America,Palau,7.4966,134.574,26.1,0.05,89.0,1.4
United States of America,Washington Harbor,48.0792,-123.0439,8.090625,0.003515625,90.1953125,6.1170703125
United States of America,Washington Harbor,48.08,-123.04,11.51764705882353,0.009411764705882354,93.76470588235294,5.163235294117648
United States of America,Washington Park,46.6,-120.49,11.299999999999999,0.0,62.333333333333336,2.6
Uruguay,Montevideo,-34.86,-56.17,10.254054054054054,0.008108108108108109,80.05405405405405,15.755135135135136
Uruguay,Montevideo,-34.8581,-56.1708,15.40263157894737,0.00868421052631579,88.04385964912281,11.174210526315788
Uzbekistan,Tashkent,41.3167,69.25,19.89826086956522,0.004,38.22608695652174,24.37213043478261
Uzbekistan,Tashkent,41.32,69.25,31.8875,0.0004166666666666667,21.583333333333332,10.303125
Vanuatu,Port Vila,-17.7333,168.3167,25.74388489208633,0.02697841726618705,86.26618705035972,8.768525179856116
Vanuatu,Port Vila,-17.73,168.32,22.633333333333336,0.021666666666666667,90.375,6.654374999999999
Vatican City,Vatican City,41.9,12.45,31.56153846153846,0.005384615384615385,40.73076923076923,10.9475
Vatican City,Vatican City,41.904,12.453,16.323076923076922,0.008692307692307694,73.14615384615385,19.103115384615386
Venezuela,Caracas,10.5,-66.92,25.87142857142857,0.013428571428571429,75.91428571428571,14.281857142857143
Venezuela,Caracas,10.5,-66.9167,21.728333333333335,0.01025,83.90833333333333,13.504041667461395
Vietnam,Ban Lom,21.13,104.7,25.27857142857143,0.028571428571428574,94.21428571428571,9.374285714285715
Vietnam,Ban Lom,21.1333,104.7,26.429166666666667,0.021944444444444447,65.55555555555556,33.74791666666667
Vietnam,Hanoi,21.03,105.85,29.624000000000002,0.0208,79.64,49.2146
Vietnam,Hanoi,21.0333,105.85,27.410317460317458,0.012222222222222223,62.26984126984127,47.730833333333344
Vietnam,S. Manian,11.2667,108.2333,28.5,0.002,62.0,13.209999999999999
Yemen,Sanaa,15.35,44.21,25.52777777777778,0.019444444444444445,26.833333333333332,23.050555555555558
Yemen,Sanaa,15.3547,44.2067,21.61880341880342,0.001623931623931624,23.60683760683761,24.640641025641024
Zambia,Lusaka,-15.42,28.28,26.7875,0.000625,20.9375,12.54453125
Zambia,Lusaka,-15.4167,28.2833,23.095867768595042,0.01322314049586777,55.33057851239669,11.111322314049588
Zimbabwe,Harare,-17.82,31.04,25.04074074074074,0.0,20.185185185185187,16.62888888888889
Zimbabwe,Harare,-17.8178,31.0447,22.137007874015747,0.01173228346456693,50.811023622047244,15.435866143234133
Турция,Yaren,39.55,27.62,34.0,0.0,44.0,11.3
